date,rank,lw,artist,label,total,change,album_sales,tea,sea,movement,post,halftime,album
1/27/2015,1,1,FALL OUT BOY,DCD2/ISLAND,227348,0.0,0,0,0,0,0,0,
1/27/2015,2,2,TAYLOR SWIFT,BIG MACHINE,116891,-0.12,0,0,0,0,0,0,
1/27/2015,3,1,MEGHAN TRAINOR,EPIC,85619,-0.64,0,0,0,-2,0,0,
1/27/2015,4,4,JOEY BADA$$,CINEMATIC,54956,0.0,0,0,0,0,0,0,
1/27/2015,5,6,NICKI MINAJ,YMCMB/REPUBLIC,51241,-0.09,0,0,0,1,0,0,
1/27/2015,6,3,MARK RONSON,RCA,49894,-0.33,0,0,0,-3,0,0,
1/27/2015,7,4,ED SHEERAN,ATLANTIC,46891,-0.36,0,0,0,-3,0,0,
1/27/2015,8,8,MARILYN MANSON,LOMA VISTA/CONCORD,46805,0.0,0,0,0,0,0,0,
1/27/2015,9,9,2015 GRAMMY NOMINEES,RCA,46365,0.0,0,0,0,0,0,0,
1/27/2015,10,7,SAM SMITH,CAPITOL,45718,-0.1,0,0,0,-3,0,0,
1/27/2015,11,11,DECEMBERISTS,CAPITOL,44800,0.0,0,0,0,0,0,0,
1/27/2015,12,5,KIDZ BOP KIDS,RAZOR &amp; TIE,43673,0.0,0,0,0,-7,0,0,
1/27/2015,13,8,MAROON 5,222/INTERSCOPE,43600,-0.12,0,0,0,-5,0,0,
1/27/2015,14,9,HOZIER,COLUMBIA,37555,-0.06,0,0,0,-5,0,0,
1/27/2015,15,15,LUPE FIASCO,ATLANTIC,36000,0.0,0,0,0,0,0,0,
1/27/2015,16,10,J. COLE,ROC NATION/COLUMBIA,32058,-0.12,0,0,0,-6,0,0,
1/27/2015,17,15,SAM HUNT,MCA NASHVILLE,24306,0.0,0,0,0,-2,0,0,
1/27/2015,18,14,ONE DIRECTION,SYCO/COLUMBIA,24293,-0.01,0,0,0,-4,0,0,
1/27/2015,19,13,"GUARDIANS OF THE GALAXY: AWESOME MIX, VOL. 1",HOLLYWOOD,23163,-0.09,0,0,0,-6,0,0,
1/27/2015,20,20,BJORK,ONE LITTLE INDIAN,23000,0.0,0,0,0,0,0,0,
1/27/2015,21,21,SLEATER-KINNEY,SUB POP,21575,0.0,0,0,0,0,0,0,
1/27/2015,22,18,SIA,MONKEY PUZZLE/RCA,20756,0.12,0,0,0,-4,0,0,
1/27/2015,23,17,ARIANA GRANDE,REPUBLIC,17805,-0.13,0,0,0,-6,0,0,
1/27/2015,24,11,ELLA HENDERSON,COLUMBIA,17522,-0.48,0,0,0,-13,0,0,
1/27/2015,25,19,RAE SREMMURD,INTERSCOPE,16197,-0.08,0,0,0,-6,0,0,
1/27/2015,26,26,ONEREPUBLIC,INTERSCOPE,15867,-0.01,0,0,0,0,0,0,
1/27/2015,27,27,PITBULL,POLO GROUNDS/RCA,15077,-0.01,0,0,0,0,0,0,
1/27/2015,28,23,JASON ALDEAN,BROKEN BOW,14810,-0.07,0,0,0,-5,0,0,
1/27/2015,29,16,FLORIDA GEORGIA LINE,REPUBLIC NASHVILLE,14668,-0.29,0,0,0,-13,0,0,
1/27/2015,30,30,VERTICAL CHURCH BAND,ESSENTIAL,14661,0.0,0,0,0,0,0,0,
1/27/2015,31,20,FROZEN,WALT DISNEY,14048,-0.14,0,0,0,-11,0,0,
1/27/2015,32,32,ABOVE &amp; BEYOND,ULTRA,14035,0.0,0,0,0,0,0,0,
1/27/2015,33,31,BEYONCE,COLUMBIA,13968,0.2,0,0,0,-2,0,0,
1/27/2015,34,29,CARRIE UNDERWOOD,19/ARISTA,13533,-0.08,0,0,0,-5,0,0,
1/27/2015,35,28,NICK JONAS,ISLAND,13203,-0.11,0,0,0,-7,0,0,
1/27/2015,36,22,ANNIE,RCA,13015,-0.19,0,0,0,-14,0,0,
1/27/2015,37,47,K. MICHELLE,ATLANTIC,12720,0.72,0,0,0,10,0,0,
1/27/2015,38,24,LUKE BRYAN,CAPITOL NASHVILLE,12532,-0.2,0,0,0,-14,0,0,
1/27/2015,39,25,INTO THE WOODS,WALT DISNEY,11848,-0.24,0,0,0,-14,0,0,
1/27/2015,40,40,BLAKE SHELTON,WARNER BROS. NASHVILLE,11104,0.0,0,0,0,0,0,0,
1/27/2015,41,41,VANCE JOY,ATLANTIC,11082,0.0,0,0,0,0,0,0,
1/27/2015,42,39,CALVIN HARRIS,COLUMBIA,10850,0.14,0,0,0,-3,0,0,
1/27/2015,43,38,D'ANGELO AND THE VANGUARD,RCA,10320,-0.01,0,0,0,-5,0,0,
1/27/2015,44,12,JAZMINE SULLIVAN,RCA,10277,-0.68,0,0,0,-32,0,0,
1/27/2015,45,35,ARCTIC MONKEYS,DOMINO,10044,-0.1,0,0,0,-10,0,0,
1/27/2015,46,46,ED SHEERAN,ATLANTIC,9915,0.0,0,0,0,0,0,0,
1/27/2015,47,47,BELLE &amp; SEBASTIAN,MATADOR,9676,0.0,0,0,0,0,0,0,
1/27/2015,48,36,SELENA GOMEZ,HOLLYWOOD,9557,-0.14,0,0,0,-12,0,0,
1/27/2015,49,49,RYAN BINGHAM,AXSTER BINGHAM,9550,0.0,0,0,0,0,0,0,
1/27/2015,50,34,NOW 52,NOW,9503,-0.16,0,0,0,-16,0,0,
2/3/2015,1,2,TAYLOR SWIFT,BIG MACHINE,97390,-0.17,0,0,0,1,1,0,
2/3/2015,2,7,ED SHEERAN,ATLANTIC,76024,0.62,0,0,0,5,1,0,
2/3/2015,3,3,MEGHAN TRAINOR,EPIC,68276,-0.2,0,0,0,0,1,0,
2/3/2015,4,10,SAM SMITH,CAPITOL,61098,0.34,0,0,0,6,1,0,
2/3/2015,5,1,FALL OUT BOY,DCD2/ISLAND,54621,-0.76,0,0,0,-4,1,0,
2/3/2015,6,6,NE-YO,MOTOWN,50081,0.0,0,0,0,0,1,0,
2/3/2015,7,6,MARK RONSON,RCA,48748,-0.02,0,0,0,-1,1,0,
2/3/2015,8,5,NICKI MINAJ,YMCMB/REPUBLIC,45502,-0.11,0,0,0,-3,1,0,
2/3/2015,9,13,MAROON 5,222/INTERSCOPE,39480,-0.09,0,0,0,4,1,0,
2/3/2015,10,9,2015 GRAMMY NOMINEES,RCA,34174,-0.26,0,0,0,-1,1,0,
2/3/2015,11,14,HOZIER,COLUMBIA,33971,-0.1,0,0,0,3,1,0,
2/3/2015,12,12,BETHEL MUSIC,BETHEL,32318,0.0,0,0,0,0,1,0,
2/3/2015,13,13,PAPA ROACH,117R,29568,0.0,0,0,0,0,1,0,
2/3/2015,14,16,J. COLE,ROC NATION/COLUMBIA,29216,-0.09,0,0,0,2,1,0,
2/3/2015,15,12,KIDZ BOP KIDS,RAZOR &amp; TIE,28631,-0.34,0,0,0,-3,1,0,
2/3/2015,16,16,CHARLIE WILSON,RCA,25370,0.0,0,0,0,0,1,0,
2/3/2015,17,17,GEORGE EZRA,COLUMBIA,21802,0.0,0,0,0,0,1,0,
2/3/2015,18,17,SAM HUNT,MCA NASHVILLE,21539,-0.11,0,0,0,-1,1,0,
2/3/2015,19,19,"GUARDIANS OF THE GALAXY: AWESOME MIX, VOL. 1",HOLLYWOOD,20968,-0.09,0,0,0,0,1,0,
2/3/2015,20,18,ONE DIRECTION,SYCO/COLUMBIA,19875,-0.18,0,0,0,-2,1,0,
2/3/2015,21,21,TWIZTID,MAJIK NINJA,18292,0.0,0,0,0,0,1,0,
2/3/2015,22,22,SIA,MONKEY PUZZLE/RCA,18103,-0.13,0,0,0,0,1,0,
2/3/2015,23,27,PITBULL,POLO GROUNDS/RCA,16838,0.12,0,0,0,4,1,0,
2/3/2015,24,23,ARIANA GRANDE,REPUBLIC,16382,-0.08,0,0,0,-1,1,0,
2/3/2015,25,11,DECEMBERISTS,CAPITOL,16325,-0.64,0,0,0,-14,1,0,
2/3/2015,26,34,CARRIE UNDERWOOD,19/ARISTA NASHVILLE,15103,0.12,0,0,0,8,1,0,
2/3/2015,27,15,LUPE FIASCO,ATLANTIC,15028,-0.58,0,0,0,-12,1,0,
2/3/2015,28,28,JASON ALDEAN,BROKEN BOW,14379,-0.03,0,0,0,0,1,0,
2/3/2015,29,25,RAE SREMMURD,INTERSCOPE,14301,-0.12,0,0,0,-4,1,0,
2/3/2015,30,40,BLAKE SHELTON,WARNER BROS. NASHVILLE,14252,0.28,0,0,0,10,1,0,
2/3/2015,31,8,MARILYN MANSON,LOMA VISTA/CONCORD,14227,-0.7,0,0,0,-23,1,0,
2/3/2015,32,35,NICK JONAS,ISLAND,13997,0.06,0,0,0,3,1,0,
2/3/2015,33,31,FROZEN,WALT DISNEY,13690,-0.03,0,0,0,-2,1,0,
2/3/2015,34,43,D'ANGELO AND THE VANGUARD,RCA,12518,0.21,0,0,0,9,1,0,
2/3/2015,35,35,PERIPHERY,SUMERIAN,12296,0.0,0,0,0,0,1,0,
2/3/2015,36,26,ONEREPUBLIC,INTERSCOPE,12287,-0.23,0,0,0,-10,1,0,
2/3/2015,37,29,FLORIDA GEORGIA LINE,REPUBLIC NASHVILLE,12207,-0.17,0,0,0,-8,1,0,
2/3/2015,38,33,BEYONCE,COLUMBIA,12028,-0.14,0,0,0,-5,1,0,
2/3/2015,39,39,PERIPHERY,SUMERIAN,11825,0.0,0,0,0,0,1,0,
2/3/2015,40,38,LUKE BRYAN,CAPITOL NASHVILLE,11747,-0.06,0,0,0,-2,1,0,
2/3/2015,41,24,ELLA HENDERSON,COLUMBIA,11532,-0.34,0,0,0,-17,1,0,
2/3/2015,42,42,DEREK MINOR,EONE,11384,0.0,0,0,0,0,1,0,
2/3/2015,43,43,LONE BELLOW,DESCENDANT,10965,0.0,0,0,0,0,1,0,
2/3/2015,44,4,JOEY BADA$$,CINEMATIC,10393,-0.81,0,0,0,-40,1,0,
2/3/2015,45,42,CALVIN HARRIS,COLUMBIA,10253,-0.06,0,0,0,-3,1,0,
2/3/2015,46,46,RICKY DILLON,RICKY DILLON,9924,0.0,0,0,0,0,1,0,
2/3/2015,47,21,SLEATER-KINNEY,SUB POP,9552,-0.56,0,0,0,-26,1,0,
2/3/2015,48,45,ARCTIC MONKEYS,DOMINO,9036,-0.1,0,0,0,-3,1,0,
2/3/2015,49,48,SELENA GOMEZ,HOLLYWOOD,8879,-0.07,0,0,0,-1,1,0,
2/3/2015,50,50,BARBRA STREISAND,COLUMBIA,8553,0.0,0,0,0,0,1,0,
2/17/2015,1,1,DRAKE,YMCMB/REPUBLIC,541585,0.0,0,0,0,0,1,0,
2/17/2015,2,2,FIFTY SHADES OF GREY,REPUBLIC,247917,0.0,0,0,0,0,1,0,
2/17/2015,3,3,SAM SMITH,CAPITOL,182861,1.17,0,0,0,0,1,0,
2/17/2015,4,4,ED SHEERAN,ATLANTIC,135964,0.62,0,0,0,0,1,0,
2/17/2015,5,1,TAYLOR SWIFT,BIG MACHINE,130569,0.21,0,0,0,-4,1,0,
2/17/2015,6,6,MEGHAN TRAINOR,EPIC,76139,0.27,0,0,0,0,1,0,
2/17/2015,7,2,NOW 53,NOW/LEGACY,72983,-0.26,0,0,0,-5,1,0,
2/17/2015,8,15,2015 GRAMMY NOMINEES,RCA,70082,1.09,0,0,0,7,1,0,
2/17/2015,9,23,BECK,CAPITOL,69334,2.58,0,0,0,14,1,0,
2/17/2015,10,10,MAROON 5,222/INTERSCOPE,66525,0.46,0,0,0,0,1,0,
2/17/2015,11,11,HOZIER,COLUMBIA,59672,0.39,0,0,0,0,1,0,
2/17/2015,12,7,NICKI MINAJ,YMCMB/REPUBLIC,47593,-0.02,0,0,0,-5,1,0,
2/17/2015,13,12,MARK RONSON,RCA,42704,0.03,0,0,0,-1,1,0,
2/17/2015,14,13,FALL OUT BOY,DCD2/ISLAND,41561,0.06,0,0,0,-1,1,0,
2/17/2015,15,8,DIANA KRALL,VERVE,38780,-0.16,0,0,0,-7,1,0,
2/17/2015,16,9,BOB DYLAN,COLUMBIA,38059,-0.17,0,0,0,-7,1,0,
2/17/2015,17,24,SIA,MONKEY PUZZLE/RCA,33795,0.75,0,0,0,7,1,0,
2/17/2015,18,17,J. COLE,ROC NATION/COLUMBIA,31887,0.23,0,0,0,-1,1,0,
2/17/2015,19,22,SAM HUNT,MCA NASHVILLE,26778,0.35,0,0,0,3,1,0,
2/17/2015,20,19,KIDZ BOP KIDS,RAZOR &amp; TIE,26357,0.14,0,0,0,-1,1,0,
2/17/2015,21,21,ARIANA GRANDE,REPUBLIC,25965,0.26,0,0,0,0,1,0,
2/17/2015,22,22,FATHER JOHN MISTY,SUB POP,25622,0.0,0,0,0,0,1,0,
2/17/2015,23,23,RICKY MARTIN,SONY MUSIC LATIN,25000,0.0,0,0,0,0,1,0,
2/17/2015,24,25,"GUARDIANS OF THE GALAXY: AWESOME MIX, VOL. 1",HOLLYWOOD,24597,0.34,0,0,0,1,1,0,
2/17/2015,25,16,NE-YO,MOTOWN,22806,-0.19,0,0,0,-9,1,0,
2/17/2015,26,26,JUAN GABRIEL,FONOVISA,21771,0.09,0,0,0,0,1,0,
2/17/2015,27,5,FIFTH HARMONY,EPIC,20712,-0.74,0,0,0,-22,1,0,
2/17/2015,28,28,ED SHEERAN,ATLANTIC,20533,3.84,0,0,0,0,1,0,
2/17/2015,29,36,BEYONCE,COLUMBIA,20025,0.67,0,0,0,7,1,0,
2/17/2015,30,38,ONEREPUBLIC,INTERSCOPE,19996,0.97,0,0,0,8,1,0,
2/17/2015,31,31,BLACKBERRY SMOKE,ROUNDER,19832,0.0,0,0,0,0,1,0,
2/17/2015,32,26,ONE DIRECTION,SYCO/COLUMBIA,18165,0.05,0,0,0,-6,1,0,
2/17/2015,33,33,LUKE BRYAN,CAPITOL NASHVILLE,17762,0.37,0,0,0,0,1,0,
2/17/2015,34,30,NICK JONAS,ISLAND,17569,0.28,0,0,0,-4,1,0,
2/17/2015,35,35,JACOB WHITESIDE,JACOB WHITESIDE,16335,0.0,0,0,0,0,1,0,
2/17/2015,36,32,FLORIDA GEORGIA LINE,REPUBLIC NASHVILLE,16249,0.23,0,0,0,-4,1,0,
2/17/2015,37,18,KATY PERRY,CAPITOL,16091,-0.37,0,0,0,-19,1,1,
2/17/2015,38,40,AC/DC,COLUMBIA,16061,0.67,0,0,0,2,1,0,
2/17/2015,39,39,MIRANDA LAMBERT,RCA NASHVILLE,16002,0.0,0,0,0,0,1,0,
2/17/2015,40,43,CHARLIE WILSON,RCA,15977,0.75,0,0,0,3,1,0,
2/17/2015,41,41,PITBULL,POLO GROUNDS/RCA,15751,0.0,0,0,0,0,1,0,
2/17/2015,42,31,CARRIE UNDERWOOD,19/ARISTA NASHVILLE,15333,0.14,0,0,0,-11,1,0,
2/17/2015,43,42,RAE SREMMURD,INTERSCOPE,15279,0.65,0,0,0,-1,1,0,
2/17/2015,44,29,JASON ALDEAN,BROKEN BOW,14602,0.05,0,0,0,-15,1,0,
2/17/2015,45,28,FROZEN,WALT DISNEY,14360,-0.05,0,0,0,-17,1,0,
2/17/2015,46,35,IMAGINE DRAGONS,KIDINAKORNER/INTERSCOPE,13057,0.09,0,0,0,-11,1,0,
2/17/2015,47,37,ERIC CHURCH,EMI NASHVILLE,12780,0.07,0,0,0,-10,1,0,
2/17/2015,48,48,JOHN LEGEND,COLUMBIA,12585,0.0,0,0,0,0,1,0,
2/17/2015,49,46,D'ANGELO AND THE VANGUARD,RCA,12191,0.38,0,0,0,-3,1,0,
2/17/2015,50,50,ARCTIC MONKEY,DOMINO,11848,0.6,0,0,0,0,1,0,
2/5/2016,1,1,RIHANNA,WESTBURY ROAD/ROC NATION,172235,0.0,0,0,0,0,0,0,
2/5/2016,2,1,ADELE,XL/COLUMBIA,112645,-0.04,0,0,0,-1,0,0,
2/5/2016,3,3,KEVIN GATES,BREAD WINNER'S ASSOCIATION,112143,0.0,0,0,0,0,0,0,
2/5/2016,4,4,SIA,RCA,87473,0.0,0,0,0,0,0,0,
2/5/2016,5,5,CHARLIE PUTH,ARTIST PARTNER GROUP,64552,0.0,0,0,0,0,0,0,
2/5/2016,6,2,JUSTIN BIEBER,DEF JAM,60898,-0.39,0,0,0,-4,0,0,
2/5/2016,7,4,TWENTY ONE PILOTS,FUELED BY RAMEN,43548,-0.04,0,0,0,-3,0,0,
2/5/2016,8,9,BRYSON TILLER,RCA,34790,0.08,0,0,0,1,0,0,
2/5/2016,9,8,THE WEEKND,XO/REPUBLIC,32195,-0.05,0,0,0,-1,0,0,
2/5/2016,10,6,CHRIS STAPLETON,MERCURY NASHVILLE,32113,-0.1,0,0,0,-4,0,0,
2/5/2016,11,12,G-EAZY,RCA,29390,0.13,0,0,0,1,0,0,
2/5/2016,12,12,DREAM THEATER,ROADRUNNER,28865,0.0,0,0,0,0,0,0,
2/5/2016,13,10,SELENA GOMEZ,INTERSCOPE,27962,-0.1,0,0,0,-3,0,0,
2/5/2016,14,13,FETTY WAP,WMG,26003,0.06,0,0,0,-1,0,0,
2/5/2016,15,5,PANIC! AT THE DISCO,DCD2/FUELED BY RAMEN,25976,-0.25,0,0,0,-10,0,0,
2/5/2016,16,16,TEDESCHI TRUCKS BAND,FANTASY/CONCORD,25126,0.0,0,0,0,0,0,0,
2/5/2016,17,39,COLDPLAY,PARLOPHONE,24129,0.81,0,0,0,22,0,1,
2/5/2016,18,7,DAVID BOWIE,COLUMBIA,22454,-0.33,0,0,0,-11,0,0,
2/5/2016,19,18,DRAKE,YMCMB/REPUBLIC/EPIC,21072,0.03,0,0,0,-1,0,0,
2/5/2016,20,20,J. COLE,ROC NATION/COLUMBIA,20788,3.81,0,0,0,0,0,0,
2/5/2016,21,11,2016 GRAMMY NOMINEES,REPUBLIC,19825,-0.31,0,0,0,-10,0,0,
2/5/2016,22,23,FLO RIDA,ATLANTIC,18553,0.05,0,0,0,1,0,0,
2/5/2016,23,22,SAM HUNT,MCA NASHVILLE,18523,0.0,0,0,0,-1,0,0,
2/5/2016,24,21,CHRIS BROWN,RCA,18494,-0.04,0,0,0,-3,0,0,
2/5/2016,25,20,TAYLOR SWIFT,BIG MACHINE,17976,-0.03,0,0,0,-5,0,0,
2/5/2016,26,14,KIDZ BOP KIDS,RAZOR &amp; TIE,17819,-0.1,0,0,0,-12,0,0,
2/5/2016,27,17,ONE DIRECTION,SYCO/COLUMBIA,17171,-0.18,0,0,0,-10,0,0,
2/5/2016,28,25,ADELE,XL/COLUMBIA,16737,-0.02,0,0,0,-3,0,0,
2/5/2016,29,19,EAGLES,RHINO,14312,-0.15,0,0,0,-10,0,0,
2/5/2016,30,34,DRAKE,YMCMB/REPUBLIC,14123,0.09,0,0,0,4,0,0,
2/5/2016,31,26,MEGHAN TRAINOR,EPIC,13332,-0.08,0,0,0,-5,0,0,
2/5/2016,32,31,FUTURE,EPIC,12907,-0.08,0,0,0,-1,0,0,
2/5/2016,33,3,MEGADETH,UME,12895,-0.74,0,0,0,-30,0,0,
2/5/2016,34,29,RACHEL PLATTEN,COLUMBIA,12820,-0.09,0,0,0,-5,0,0,
2/5/2016,35,36,SHAWN MENDES,ISLAND,12528,-0.01,0,0,0,1,0,0,
2/5/2016,36,35,ED SHEERAN,ASYLUM UK,12217,-0.05,0,0,0,-1,0,0,
2/5/2016,37,38,FALL OUT BOY,DCD2/ISLAND,12087,0.03,0,0,0,1,0,0,
2/5/2016,38,38,GREASE LIVE!,PARAMOUNT/REPUBLIC,11752,0.0,0,0,0,0,0,0,
2/5/2016,39,32,HALSEY,ASTRALWERKS/CAPITOL,11742,-0.14,0,0,0,-7,0,0,
2/5/2016,40,47,LUKE BRYAN,CAPITOL NASHVILLE,11561,0.01,0,0,0,7,0,0,
2/5/2016,41,41,DRAKE,CASH MONEY,10296,0.28,0,0,0,0,0,0,
2/5/2016,42,42,SAM SMITH,CAPITOL,10010,0.15,0,0,0,0,0,0,
2/5/2016,43,44,TWENTY ONE PILOTS,FUELED BY RAMEN,9992,-0.14,0,0,0,1,0,0,
2/5/2016,44,44,TROYE SIVAN,CAPITOL,9420,0.03,0,0,0,0,0,0,
2/5/2016,45,45,CARRIE UNDERWOOD,19/ARISTA NASHVILLE,9160,-0.01,0,0,0,0,0,0,
2/5/2016,46,46,G-EAZY,RCA,9111,0.03,0,0,0,0,0,0,
2/5/2016,47,47,DNCE,REPUBLIC,9076,0.0,0,0,0,0,0,0,
2/5/2016,48,48,BROTHERS OSBORNE,EMI NASHVILLE,8989,0.12,0,0,0,0,0,0,
2/5/2016,49,41,ELLIE GOULDING,INTERSCOPE,8712,-0.24,0,0,0,-8,0,0,
2/5/2016,50,50,ELLE KING,RCA,8452,-0.01,0,0,0,0,0,0,
2/12/2016,1,1,FUTURE,EPIC,139106,0.0,0,0,0,0,1,0,
2/12/2016,2,2,ADELE,XL/COLUMBIA,126077,0.16,0,0,0,0,1,0,
2/12/2016,3,16,COLDPLAY,PARLOPHONE,98457,3.08,0,0,0,13,1,1,
2/12/2016,4,1,RIHANNA,WESTBURY ROAD/ROC NATION,92553,-0.46,0,0,0,-3,1,0,
2/12/2016,5,5,WIZ KHALIFA,WMG,71323,0.0,0,0,0,0,1,0,
2/12/2016,6,6,NOW 57,NOW/LEGACY,63009,0.0,0,0,0,0,1,0,
2/12/2016,7,6,JUSTIN BIEBER,DEF JAM,61897,0.02,0,0,0,-1,1,0,
2/12/2016,8,8,ELTON JOHN,ISLAND,61421,0.0,0,0,0,0,1,0,
2/12/2016,9,7,TWENTY ONE PILOTS,FUELED BY RAMEN,41300,-0.05,0,0,0,-2,1,0,
2/12/2016,10,3,KEVIN GATES,BREAD WINNER'S ASSOCIATION,38199,-0.66,0,0,0,-7,1,0,
2/12/2016,11,10,CHRIS STAPLETON,MERCURY NASHVILLE,37860,0.18,0,0,0,-1,1,0,
2/12/2016,12,9,THE WEEKND,XO/REPUBLIC,34742,0.08,0,0,0,-3,1,0,
2/12/2016,13,8,BRYSON TILLER,RCA,32114,-0.08,0,0,0,-5,1,0,
2/12/2016,14,13,SELENA GOMEZ,INTERSCOPE,23887,-0.15,0,0,0,-1,1,0,
2/12/2016,15,14,FETTY WAP,WMG,23349,-0.1,0,0,0,-1,1,0,
2/12/2016,16,22,FLO RIDA,ATLANTIC,23284,0.25,0,0,0,6,1,0,
2/12/2016,17,17,ELEVATION WORSHIP,ESSENTIAL,23223,0.0,0,0,0,0,1,0,
2/12/2016,18,18,YOUNG THUG,WMG,23092,0.0,0,0,0,0,1,0,
2/12/2016,19,23,SAM HUNT,MCA NASHVILLE,21077,0.14,0,0,0,4,1,0,
2/12/2016,20,4,SIA,RCA,21026,-0.76,0,0,0,-16,1,0,
2/12/2016,21,5,CHARLIE PUTH,ARTIST PARTNER GROUP,20306,-0.69,0,0,0,-16,1,0,
2/12/2016,22,15,PANIC! AT THE DISCO,DCD2/FUELED BY RAMEN,20196,-0.22,0,0,0,-7,1,0,
2/12/2016,23,25,TAYLOR SWIFT,BIG MACHINE,20078,0.12,0,0,0,2,1,0,
2/12/2016,24,18,DRAKE,YMCMB/REPUBLIC/EPIC,19619,-0.07,0,0,0,-6,1,0,
2/12/2016,25,11,G-EAZY,RCA,17336,-0.41,0,0,0,-14,1,0,
2/12/2016,26,28,ADELE,XL/COLUMBIA,16746,0.0,0,0,0,2,1,0,
2/12/2016,27,24,CHRIS BROWN,RCA,15585,-0.16,0,0,0,-3,1,0,
2/12/2016,28,21,2016 GRAMMY NOMINEES,REPUBLIC,14836,-0.25,0,0,0,-7,1,0,
2/12/2016,29,29,CHARLES KELLEY,CAPITOL NASHVILLE,14743,0.0,0,0,0,0,1,0,
2/12/2016,30,30,NATHANIEL RATELIFF &amp; THE NIGHT SWEATS,STAX,14491,1.4,0,0,0,0,1,0,
2/12/2016,31,32,FUTURE,EPIC,14423,0.12,0,0,0,1,1,0,
2/12/2016,32,32,LUCINDA WILLIAMS,HIGHWAY 20,14395,0.0,0,0,0,0,1,0,
2/12/2016,33,26,KIDZ BOP KIDS,RAZOR &amp; TIE,14157,-0.21,0,0,0,-7,1,0,
2/12/2016,34,30,DRAKE,YMCMB/REPUBLIC,14090,0.0,0,0,0,-4,1,0,
2/12/2016,35,17,DAVID BOWIE,COLUMBIA,14027,-0.38,0,0,0,-18,1,0,
2/12/2016,36,27,ONE DIRECTION,SYCO/COLUMBIA,13960,-0.19,0,0,0,-9,1,0,
2/12/2016,37,37,"EARTH, WIND &amp; FIRE",LEGACY,13288,0.0,0,0,0,0,1,0,
2/12/2016,38,38,HAMILTON,UPTOWN,13284,0.57,0,0,0,0,1,0,
2/12/2016,39,19,J. COLE,ROC NATION/COLUMBIA,13256,-0.36,0,0,0,-20,1,0,
2/12/2016,40,31,MEGHAN TRAINOR,EPIC,12987,-0.03,0,0,0,-9,1,0,
2/12/2016,41,41,EAGLES,RHINO,12624,1.08,0,0,0,0,1,0,
2/12/2016,42,36,ED SHEERAN,ASYLUM UK,12444,0.02,0,0,0,-6,1,0,
2/12/2016,43,35,SHAWN MENDES,ISLAND,11576,-0.08,0,0,0,-8,1,0,
2/12/2016,44,44,BEYONCE,COLUMBIA,11341,0.0,0,0,0,0,1,1,
2/12/2016,45,34,RACHEL PLATTEN,COLUMBIA,11016,-0.14,0,0,0,-11,1,0,
2/12/2016,46,46,ALESSIA CARA,DEF JAM,10968,1.84,0,0,0,0,1,0,
2/12/2016,47,40,LUKE BRYAN,CAPITOL NASHVILLE,10756,-0.07,0,0,0,-7,1,0,
2/12/2016,48,39,HALSEY,ASTRALWERKS/CAPITOL,10240,-0.13,0,0,0,-9,1,0,
2/12/2016,49,45,CARRIE UNDERWOOD,19/ARISTA NASHVILLE,9708,0.06,0,0,0,-4,1,0,
2/12/2016,50,43,TWENTY ONE PILOTS,FUELED BY RAMEN,9407,-0.06,0,0,0,-7,1,0,
2/3/2017,1,1,MIGOS,QUALITY CONTROL,120991,0.0,0,0,0,0,0,0,
2/3/2017,2,2,BRANTLEY GILBERT,VALORY/BMLG,78541,0.0,0,0,0,0,0,0,
2/3/2017,3,3,KEHLANI,WMG,56996,0.0,0,0,0,0,0,0,
2/3/2017,4,1,THE WEEKND,XO/REPUBLIC,51327,-0.02,0,0,0,-3,0,0,
2/3/2017,5,5,NOW 61,NOW,37445,0.0,0,0,0,0,0,0,
2/3/2017,6,4,LA LA LAND,INTERSCOPE,36487,0.21,0,0,0,-2,0,0,
2/3/2017,7,7,TRAIN,COLUMBIA,30813,0.0,0,0,0,0,0,0,
2/3/2017,8,5,BRUNO MARS,WMG,30218,0.0,0,0,0,-3,0,0,
2/3/2017,9,6,MOANA,WALT DISNEY,26714,0.01,0,0,0,-3,0,0,
2/3/2017,10,7,POST MALONE,REPUBLIC,25846,0.05,0,0,0,-3,0,0,
2/3/2017,11,8,HAMILTON,UPTOWN,24934,0.04,0,0,0,-3,0,0,
2/3/2017,12,9,DRAKE,YMCMB/REPUBLIC,24417,0.02,0,0,0,-3,0,0,
2/3/2017,13,12,TROLLS,RCA,21168,0.0,0,0,0,-1,0,0,
2/3/2017,14,11,J. COLE,DREAMVILLE/ROC NATION/INTERSCOPE,20584,-0.08,0,0,0,-3,0,0,
2/3/2017,15,15,BELL BIV DEVOE,EONE,20091,0.0,0,0,0,0,0,0,
2/3/2017,16,16,TWENTY ONE PILOTS,FUELED BY RAMEN,20062,0.1,0,0,0,0,0,0,
2/3/2017,17,13,RIHANNA,WESTBURY ROAD/ROC NATION,19815,0.03,0,0,0,-4,0,0,
2/3/2017,18,18,"RCA-LIST, VOL. 3",RCA,19458,0.0,0,0,0,0,0,0,
2/3/2017,19,19,SUICIDE SQUAD: THE ALBUM,WMG,18111,0.1,0,0,0,0,0,0,
2/3/2017,20,18,CHAINSMOKERS,DISRUPTOR/COLUMBIA,17310,0.0,0,0,0,-2,0,0,
2/3/2017,21,15,TRAVIS SCOTT,EPIC,16675,-0.09,0,0,0,-6,0,0,
2/3/2017,22,22,"JENN JOHNSON, BRIAN JOHNSON",BETHEL MUSIC,16550,0.0,0,0,0,0,0,0,
2/3/2017,23,23,GRATEFUL DEAD,GLORIOUS DEAD/RHINO,15547,0.0,0,0,0,0,0,0,
2/3/2017,24,23,ADELE,XL/COLUMBIA,15480,0.08,0,0,0,-1,0,0,
2/3/2017,25,20,RAE SREMMURD,EARDRUMA/INTERSCOPE,15230,-0.02,0,0,0,-5,0,0,
2/3/2017,26,21,CHRIS STAPLETON,MERCURY NASHVILLE,14775,-0.02,0,0,0,-5,0,0,
2/3/2017,27,22,PANIC! AT THE DISCO,FUELED BY RAMEN,14572,-0.01,0,0,0,-5,0,0,
2/3/2017,28,28,LAUREN ALAINA,19/INTERSCOPE/MERCURY NASHVILLE,14452,0.0,0,0,0,0,0,0,
2/3/2017,29,29,JON BELLION,CAPITOL,13278,0.0,0,0,0,0,0,0,
2/3/2017,30,26,SHAWN MENDES,ISLAND,12491,-0.02,0,0,0,-4,0,0,
2/3/2017,31,25,ARIANA GRANDE,REPUBLIC,12114,-0.12,0,0,0,-6,0,0,
2/3/2017,32,34,ED SHEERAN,ASYLUM,11324,0.14,0,0,0,2,0,0,
2/3/2017,33,29,THE WEEKND,XO/REPUBLIC,10832,-0.07,0,0,0,-4,0,0,
2/3/2017,34,28,SIA,MONKEY PUZZLE/RCA,10799,-0.08,0,0,0,-6,0,0,
2/3/2017,35,30,21 SAVAGE,SLAUGHTER GANG,10687,-0.04,0,0,0,-5,0,0,
2/3/2017,36,17,KIDZ BOP 34,RAZOR &amp; TIE,10562,-0.42,0,0,0,-19,0,0,
2/3/2017,37,33,CHANCE THE RAPPER,CHANCE THE RAPPER,10558,-0.01,0,0,0,-4,0,0,
2/3/2017,38,32,KEITH URBAN,CAPITOL NASHVILLE,10515,-0.02,0,0,0,-6,0,0,
2/3/2017,39,43,THE LUMINEERS,DUALTONE,10450,0.11,0,0,0,4,0,0,
2/3/2017,40,14,2017 GRAMMY NOMINEES,WMG,10436,-0.44,0,0,0,-26,0,0,
2/3/2017,41,40,MARIAN HILL,REPUBLIC,10160,0.04,0,0,0,-1,0,0,
2/3/2017,42,41,J. COLE,ROC NATION/COLUMBIA,9927,0.02,0,0,0,-1,0,0,
2/3/2017,43,37,KANYE WEST,G.O.O.D/DEF JAM,9916,0.0,0,0,0,-6,0,0,
2/3/2017,44,38,BRYSON TILLER,TRAPSOUL,9777,-0.03,0,0,0,-6,0,0,
2/3/2017,45,49,METALLICA,BLACKENED,9575,0.07,0,0,0,4,0,0,
2/3/2017,46,46,JUSTIN BIEBER,RBMG/DEF JAM,9572,0.05,0,0,0,0,0,0,
2/3/2017,47,47,THOMAS RHETT,VALORY,9470,0.17,0,0,0,0,0,0,
2/3/2017,48,36,CHILDISH GAMBINO,GLASSNOTE,9434,-0.08,0,0,0,-12,0,0,
2/3/2017,49,48,TWENTY ONE PILOTS,FUELED BY RAMEN,9288,0.03,0,0,0,-1,0,0,
2/3/2017,50,39,GUCCI MANE,WMG,9275,-0.06,0,0,0,-11,0,0,
2/10/2017,1,1,BIG SEAN,G.O.O.D./DEF JAM,155705,0.0,0,0,0,0,1,0,
2/10/2017,2,2,LADY GAGA,INTERSCOPE,67394,7.79,0,0,0,0,1,1,
2/10/2017,3,1,MIGOS,QUALITY CONTROL,61876,-0.49,0,0,0,-2,1,0,
2/10/2017,4,4,LADY GAGA,INTERSCOPE,52236,0.0,0,0,0,0,1,1,
2/10/2017,5,5,REBA MCENTIRE,ROCKIN' R/BMLG,50200,0.0,0,0,0,0,1,0,
2/10/2017,6,4,THE WEEKND,XO/REPUBLIC,47512,-0.07,0,0,0,-2,1,0,
2/10/2017,7,8,BRUNO MARS,WMG,31340,0.04,0,0,0,1,1,0,
2/10/2017,8,8,DEAR EVAN HANSEN,WMG,29830,0.0,0,0,0,0,1,0,
2/10/2017,9,2,BRANTLEY GILBERT,VALORY/BMLG,26752,-0.66,0,0,0,-7,1,0,
2/10/2017,10,6,LA LA LAND,INTERSCOPE,25782,-0.29,0,0,0,-4,1,0,
2/10/2017,11,11,HAMILTON,UPTOWN,25716,0.03,0,0,0,0,1,0,
2/10/2017,12,12,DRAKE,YMCMB/REPUBLIC,25585,0.05,0,0,0,0,1,0,
2/10/2017,13,10,POST MALONE,REPUBLIC,25537,-0.01,0,0,0,-3,1,0,
2/10/2017,14,13,TROLLS,RCA,24866,0.17,0,0,0,-1,1,0,
2/10/2017,15,9,MOANA,WALT DISNEY,23755,-0.11,0,0,0,-6,1,0,
2/10/2017,16,16,"RCA-LIST, VOL. 4",RCA,22411,0.0,0,0,0,0,1,0,
2/10/2017,17,16,TWENTY ONE PILOTS,FUELED BY RAMEN,22293,0.11,0,0,0,-1,1,0,
2/10/2017,18,5,NOW 61,NOW,21900,-0.42,0,0,0,-13,1,0,
2/10/2017,19,3,KEHLANI,WMG,21182,-0.63,0,0,0,-16,1,0,
2/10/2017,20,17,RIHANNA,WESTBURY ROAD/ROC NATION,20210,0.02,0,0,0,-3,1,0,
2/10/2017,21,24,ADELE,XL/COLUMBIA,20162,0.3,0,0,0,3,1,0,
2/10/2017,22,14,J. COLE,DREAMVILLE/ROC NATION/INTERSCOPE,18340,-0.11,0,0,0,-8,1,0,
2/10/2017,23,20,CHAINSMOKERS,DISRUPTOR/COLUMBIA,17977,0.04,0,0,0,-3,1,0,
2/10/2017,24,19,SUICIDE SQUAD: THE ALBUM,WMG,17856,-0.01,0,0,0,-5,1,0,
2/10/2017,25,25,KARI JOBE,SPARROW,17379,0.0,0,0,0,0,1,0,
2/10/2017,26,21,TRAVIS SCOTT,EPIC,16581,-0.01,0,0,0,-5,1,0,
2/10/2017,27,25,RAE SREMMURD,EARDRUMA/INTERSCOPE,14094,-0.07,0,0,0,-2,1,0,
2/10/2017,28,31,ARIANA GRANDE,REPUBLIC,14081,0.16,0,0,0,3,1,0,
2/10/2017,29,29,LADY GAGA,INTERSCOPE,13759,0.0,0,0,0,0,1,1,
2/10/2017,30,26,CHRIS STAPLETON,MERCURY NASHVILLE,13655,-0.08,0,0,0,-4,1,0,
2/10/2017,31,31,ALESSIA CARA,DEF JAM,13616,0.48,0,0,0,0,1,0,
2/10/2017,32,40,2017 GRAMMY NOMINEES,WMG,13484,0.29,0,0,0,8,1,0,
2/10/2017,33,33,BEYONCE,COLUMBIA,13139,0.44,0,0,0,0,1,0,
2/10/2017,34,30,SHAWN MENDES,ISLAND,12779,0.02,0,0,0,-4,1,0,
2/10/2017,35,27,PANIC! AT THE DISCO,FUELED BY RAMEN,12706,-0.13,0,0,0,-8,1,0,
2/10/2017,36,39,THE LUMINEERS,DUALTONE,12407,0.19,0,0,0,3,1,0,
2/10/2017,37,38,KEITH URBAN,CAPITOL NASHVILLE,12295,0.17,0,0,0,1,1,0,
2/10/2017,38,38,SAMPHA,YOUNG TURKS,11971,0.0,0,0,0,0,1,0,
2/10/2017,39,29,JON BELLION,CAPITOL,11954,-0.1,0,0,0,-10,1,0,
2/10/2017,40,46,JUSTIN BIEBER,RBMG/DEF JAM,11770,0.23,0,0,0,6,1,0,
2/10/2017,41,34,SIA,MONKEY PUZZLE/RCA,11179,0.04,0,0,0,-7,1,0,
2/10/2017,42,33,THE WEEKND,XO/REPUBLIC,11082,0.02,0,0,0,-9,1,0,
2/10/2017,43,32,ED SHEERAN,ASYLUM,11078,-0.02,0,0,0,-11,1,0,
2/10/2017,44,37,CHANCE THE RAPPER,CHANCE THE RAPPER,11012,0.04,0,0,0,-7,1,0,
2/10/2017,45,45,GARTH BROOKS,PEARL,10922,0.0,0,0,0,0,1,0,
2/10/2017,46,46,G-EAZY,RCA,10573,0.19,0,0,0,0,1,0,
2/10/2017,47,41,MARIAN HILL,REPUBLIC,10548,0.04,0,0,0,-6,1,0,
2/10/2017,48,44,BRYSON TILLER,TRAPSOUL,10462,0.07,0,0,0,-4,1,0,
2/10/2017,49,7,TRAIN,COLUMBIA,10442,-0.66,0,0,0,-42,1,0,
2/10/2017,50,35,21 SAVAGE,SLAUGHTER GANG,10292,-0.04,0,0,0,-15,1,0,
2/2/2018,1,1,MIGOS,QUALITY CONTROL/MOTOWN/CAPITOL,200010,0.0,0,0,0,0,0,0,
2/2/2018,2,2,THE GREATEST SHOWMAN,ATLANTIC,92301,-0.17,0,0,0,0,0,0,
2/2/2018,3,14,BRUNO MARS,ATLANTIC,60323,1.69,0,0,0,11,0,0,
2/2/2018,4,3,ED SHEERAN,ATLANTIC,49410,0.18,0,0,0,-1,0,0,
2/2/2018,5,5,ABOVE &amp; BEYOND,ANJUNA BEATS,39074,0.0,0,0,0,0,0,0,
2/2/2018,6,6,KENDRICK LAMAR,TDE/AFTERMATH/INTERSCOPE,37194,0.3,0,0,0,0,0,0,
2/2/2018,7,4,CAMILA CABELLO,SYCO/EPIC,32373,-0.16,0,0,0,-3,0,0,
2/2/2018,8,5,POST MALONE,REPUBLIC,30657,-0.03,0,0,0,-3,0,0,
2/2/2018,9,12,KHALID,RIGHT HAND MUSIC/RCA,26971,0.17,0,0,0,3,0,0,
2/2/2018,10,8,TAYLOR SWIFT,BIG MACHINE/BMLG,24863,-0.08,0,0,0,-2,0,0,
2/2/2018,11,15,IMAGINE DRAGONS,KIDINAKORNER/INTERSCOPE,24218,0.09,0,0,0,4,0,0,
2/2/2018,12,7,G-EAZY,RCA,23615,-0.16,0,0,0,-5,0,0,
2/2/2018,13,10,LIL UZI VERT,GENERATION NOW/ATLANTIC,21928,-0.1,0,0,0,-3,0,0,
2/2/2018,14,26,SZA,TDE/RCA,20584,0.28,0,0,0,12,0,0,
2/2/2018,15,15,CHRIS STAPLETON,MERCURY NASHVILLE,20541,0.0,0,0,0,0,0,0,
2/2/2018,16,13,EMINEM,SHADY/AFTERMATH/INTERSCOPE,20233,-0.11,0,0,0,-3,0,0,
2/2/2018,17,11,LIL SKIES,ATLANTIC,18601,-0.2,0,0,0,-6,0,0,
2/2/2018,18,19,CHRIS BROWN,RCA,17978,-0.05,0,0,0,1,0,0,
2/2/2018,19,32,2018 GRAMMY NOMINEES,RCA,17834,0.27,0,0,0,13,0,0,
2/2/2018,20,9,SAM SMITH,CAPITOL,17241,-0.36,0,0,0,-11,0,0,
2/2/2018,21,42,P!NK,RCA,17202,0.49,0,0,0,21,0,0,
2/2/2018,22,18,KODAK BLACK,ATLANTIC,16686,-0.15,0,0,0,-4,0,0,
2/2/2018,23,45,CHRIS STAPLETON,MERCURY NASHVILLE,16485,0.45,0,0,0,22,0,0,
2/2/2018,24,22,NF,NF REAL/CAROLINE,16075,-0.05,0,0,0,-2,0,0,
2/2/2018,25,25,CHRIS STAPLETON,MERCURY NASHVILLE,15937,0.0,0,0,0,0,0,0,
2/2/2018,26,21,HAMILTON,UPTOWN/ATLANTIC,15113,-0.11,0,0,0,-5,0,0,
2/2/2018,27,27,DRAKE,YMCMB/REPUBLIC,15033,-0.06,0,0,0,0,0,0,
2/2/2018,28,28,KANE BROWN,RCA NASHVILLE/ZONE 4,14447,-0.09,0,0,0,0,0,0,
2/2/2018,29,17,"HUNCHO JACK, TRAVIS SCOTT, QUAVO",QUALITY CONTROL/CACTUS JACK/MOTOWN/GRAND HUSTLE/EPIC/CAPITOL,13831,-0.34,0,0,0,-12,0,0,
2/2/2018,30,38,MIGOS,QUALITY CONTROL,13442,0.06,0,0,0,8,0,0,
2/2/2018,31,1,FALL OUT BOY,ISLAND,13369,-0.9,0,0,0,-30,0,0,
2/2/2018,32,23,21 SAVAGE,SLAUGHTER GANG/EPIC,13291,-0.19,0,0,0,-9,0,0,
2/2/2018,33,30,XXXTENTACION,BAD VIBES FOREVER/EMPIRE,13136,-0.08,0,0,0,-3,0,0,
2/2/2018,34,36,DUA LIPA,WARNER BROS.,13051,-0.04,0,0,0,2,0,0,
2/2/2018,35,24,DEMI LOVATO,HOLLYWOOD/SAFEHOUSE/ISLAND,12863,-0.22,0,0,0,-11,0,0,
2/2/2018,36,31,THOMAS RHETT,VALORY/BMG,12696,-0.1,0,0,0,-5,0,0,
2/2/2018,37,37,CHILDISH GAMBINO,GLASSNOTE,12257,0.0,0,0,0,0,0,0,
2/2/2018,38,37,MAROON 5,222/INTERSCOPE,11983,-0.08,0,0,0,-1,0,0,
2/2/2018,39,16,KIDZ BOP 37,RAZOR &amp; TIE,11732,-0.45,0,0,0,-23,0,0,
2/2/2018,40,35,DRAKE,YMCMB/REPUBLIC,11636,-0.15,0,0,0,-5,0,0,
2/2/2018,41,41,CORY ASBURY,BETHEL MUSIC,11606,0.0,0,0,0,0,0,0,
2/2/2018,42,25,QUALITY CONTROL,QUALITY CONTROL/MOTOWN/CAPITOL,11470,-0.3,0,0,0,-17,0,0,
2/2/2018,43,33,HALSEY,ASTRALWERKS/CAPITOL,11407,-0.19,0,0,0,-10,0,0,
2/2/2018,44,40,THE WEEKND,XO/REPUBLIC,10986,-0.09,0,0,0,-4,0,0,
2/2/2018,45,43,MOANA,WALT DISNEY,10741,-0.07,0,0,0,-2,0,0,
2/2/2018,46,44,DRAKE,YMCMB/REPUBLIC,10447,-0.09,0,0,0,-2,0,0,
2/2/2018,47,47,LUKE BRYAN,CAPITOL NASHVILLE,10408,0.0,0,0,0,0,0,0,
2/2/2018,48,48,MACHINE HEAD,NUCLEAR BLAST,10247,0.0,0,0,0,0,0,0,
2/2/2018,49,39,LIL PUMP,THA GLOBAL LIGHTS/WARNER BROS.,10132,-0.18,0,0,0,-10,0,0,
2/2/2018,50,46,A BOOGIE WIT DA HOODIE,HIGHBRIDGE,9875,-0.11,0,0,0,-4,0,0,
2/9/2018,1,1,JUSTIN TIMBERLAKE,RCA,295982,0.0,0,0,0,0,1,1,
2/9/2018,2,1,MIGOS,QUALITY CONTROL/MOTOWN/CAPITOL,90492,-0.55,0,0,0,-1,1,0,
2/9/2018,3,2,THE GREATEST SHOWMAN,ATLANTIC,80279,-0.13,0,0,0,-1,1,0,
2/9/2018,4,4,ED SHEERAN,ATLANTIC,38647,-0.22,0,0,0,0,1,0,
2/9/2018,5,3,BRUNO MARS,ATLANTIC,34218,-0.43,0,0,0,-2,1,0,
2/9/2018,6,8,POST MALONE,REPUBLIC,32861,0.07,0,0,0,2,1,0,
2/9/2018,7,7,CAMILA CABELLO,SYCO/EPIC,31615,-0.02,0,0,0,0,1,0,
2/9/2018,8,6,KENDRICK LAMAR,TDE/AFTERMATH/INTERSCOPE,30701,-0.17,0,0,0,-2,1,0,
2/9/2018,9,13,LIL UZI VERT,GENERATION NOW/ATLANTIC,25226,0.15,0,0,0,4,1,0,
2/9/2018,10,10,NOW 65,NOW,25080,0.0,0,0,0,0,1,0,
2/9/2018,11,9,KHALID,RIGHT HAND MUSIC/RCA,23533,-0.13,0,0,0,-2,1,0,
2/9/2018,12,12,G-EAZY,RCA,22592,-0.04,0,0,0,0,1,0,
2/9/2018,13,11,IMAGINE DRAGONS,KIDINAKORNER/INTERSCOPE,21760,-0.1,0,0,0,-2,1,0,
2/9/2018,14,10,TAYLOR SWIFT,BIG MACHINE/BMLG,21221,-0.15,0,0,0,-4,1,0,
2/9/2018,15,17,LIL SKIES,ATLANTIC,20965,0.13,0,0,0,2,1,0,
2/9/2018,16,16,RICH BRIAN,88RISING/EMPIRE,19532,0.0,0,0,0,0,1,0,
2/9/2018,17,14,SZA,TDE/RCA,19335,-0.06,0,0,0,-3,1,0,
2/9/2018,18,18,AWOLNATION,RED BULL,18868,0.0,0,0,0,0,1,0,
2/9/2018,19,24,NF,NF REAL/CAROLINE,18833,0.17,0,0,0,5,1,0,
2/9/2018,20,20,SAM SMITH,CAPITOL,17630,0.02,0,0,0,0,1,0,
2/9/2018,21,22,KODAK BLACK,ATLANTIC,17385,0.04,0,0,0,1,1,0,
2/9/2018,22,16,EMINEM,SHADY/AFTERMATH/INTERSCOPE,17322,-0.14,0,0,0,-6,1,0,
2/9/2018,23,15,CHRIS STAPLETON,MERCURY NASHVILLE,16743,-0.18,0,0,0,-8,1,0,
2/9/2018,24,18,CHRIS BROWN,RCA,16531,-0.08,0,0,0,-6,1,0,
2/9/2018,25,26,HAMILTON,UPTOWN/ATLANTIC,16369,0.08,0,0,0,1,1,0,
2/9/2018,26,27,DRAKE,YMCMB/REPUBLIC,16015,0.07,0,0,0,1,1,0,
2/9/2018,27,38,MAROON 5,222/INTERSCOPE,15819,0.32,0,0,0,11,1,0,
2/9/2018,28,34,DUA LIPA,WARNER BROS.,14940,0.14,0,0,0,6,1,0,
2/9/2018,29,23,CHRIS STAPLETON,MERCURY NASHVILLE,14848,-0.1,0,0,0,-6,1,0,
2/9/2018,30,33,XXXTENTACION,BAD VIBES FOREVER/EMPIRE,14570,0.11,0,0,0,3,1,0,
2/9/2018,31,21,P!NK,RCA,14482,-0.16,0,0,0,-10,1,0,
2/9/2018,32,29,"HUNCHO JACK, TRAVIS SCOTT, QUAVO",QUALITY CONTROL/CACTUS JACK/MOTOWN/GRAND HUSTLE/EPIC/CAPITOL,14366,0.04,0,0,0,-3,1,0,
2/9/2018,33,35,DEMI LOVATO,HOLLYWOOD/SAFEHOUSE/ISLAND,14261,0.11,0,0,0,2,1,0,
2/9/2018,34,32,21 SAVAGE,SLAUGHTER GANG/EPIC,14204,0.07,0,0,0,-2,1,0,
2/9/2018,35,28,KANE BROWN,RCA NASHVILLE/ZONE 4,13862,-0.04,0,0,0,-7,1,0,
2/9/2018,36,25,CHRIS STAPLETON,MERCURY NASHVILLE,13746,-0.14,0,0,0,-11,1,0,
2/9/2018,37,44,THE WEEKND,XO/REPUBLIC,12990,0.18,0,0,0,7,1,0,
2/9/2018,38,43,HALSEY,ASTRALWERKS/CAPITOL,12592,0.1,0,0,0,5,1,0,
2/9/2018,39,36,THOMAS RHETT,VALORY/BMG,12588,-0.01,0,0,0,-3,1,0,
2/9/2018,40,40,DRAKE,YMCMB/REPUBLIC,12464,0.07,0,0,0,0,1,0,
2/9/2018,41,30,MIGOS,QUALITY CONTROL,12134,-0.1,0,0,0,-11,1,0,
2/9/2018,42,42,QUALITY CONTROL,QUALITY CONTROL/MOTOWN/CAPITOL,11902,0.04,0,0,0,0,1,0,
2/9/2018,43,43,TROLLS,RCA,11359,0.0,0,0,0,0,1,0,
2/9/2018,44,45,MOANA,WALT DISNEY,11150,0.04,0,0,0,1,1,0,
2/9/2018,45,45,ED SHEERAN,ATLANTIC,10675,0.0,0,0,0,0,1,0,
2/9/2018,46,50,A BOOGIE WIT DA HOODIE,HIGHBRIDGE,10674,0.08,0,0,0,4,1,0,
2/9/2018,47,42,ELTON JOHN,VIRGIN EMI,10571,0.21,0,0,0,-5,1,0,
2/9/2018,48,47,LUKE BRYAN,CAPITOL NASHVILLE,10445,0.0,0,0,0,-1,1,0,
2/9/2018,49,39,KIDZ BOP 37,RAZOR &amp; TIE,10324,-0.12,0,0,0,-10,1,0,
2/9/2018,50,49,LIL PUMP,THA GLOBAL LIGHTS/WARNER BROS.,10322,0.02,0,0,0,-1,1,0,
2/1/2019,1,1,BACKSTREET BOYS,K-BAHN/RCA,236196,0.0,229107,1935,5154,0,0,0,DNA
2/1/2019,2,1,FUTURE,FREEBANDZ/EPIC,57536,-0.54,1050,595,55892,-1,0,0,FUTURE HNDRXX PRESENTS: THE WIZRD
2/1/2019,3,2,A BOOGIE WIT DA HOODIE,ATLANTIC,48232,-0.04,399,792,47041,-1,0,0,HOODIE SZN
2/1/2019,4,29,WEEZER,CRUSH/ATLANTIC,40128,1.56,27672,1908,10547,25,0,0,WEEZER (TEAL ALBUM)
2/1/2019,5,10,LADY GAGA,INTERSCOPE,39581,0.15,16501,7273,15807,5,0,0,A STAR IS BORN SOUNDTRACK
2/1/2019,6,8,MEEK MILL,ATLANTIC,36523,0.05,637,1292,34594,2,0,0,CHAMPIONSHIPS
2/1/2019,7,5,21 SAVAGE,SLAUGHTER GANG/EPIC,36135,-0.04,492,565,35077,-2,0,0,I AM &gt; I WAS
2/1/2019,8,6,POST MALONE,REPUBLIC,35792,-0.01,3393,1485,30914,-2,0,0,BEERBONGS &amp; BENTLEYS
2/1/2019,9,4,SPIDER-MAN: INTO THE SPIDER-VERSE,REPUBLIC,35019,-0.13,3515,3193,28311,-5,0,0,SOUNDTRACK
2/1/2019,10,9,TRAVIS SCOTT,CACTUS JACK/GRAND HUSTLE/EPIC,34253,-0.01,832,1302,32119,-1,0,1,ASTROWORLD
2/1/2019,11,11,DRAKE,YMCMB/REPUBLIC,32769,0.01,913,900,30956,0,0,0,SCORPION
2/1/2019,12,14,QUEEN,HOLLYWOOD,30457,0.11,8004,4455,17998,2,0,0,GREATEST HITS 1
2/1/2019,13,12,KODAK BLACK,ATLANTIC,28112,-0.09,84,684,27344,-1,0,0,DYING TO LIVE
2/1/2019,14,14,BRING ME THE HORIZON,COLUMBIA,26928,0.0,16340,768,9819,0,0,0,AMO
2/1/2019,15,38,XXXTENTACION,MEMBERS ONLY/EMPIRE,26774,0.42,838,367,25569,23,0,0,"XXXTENTACION PRESENTS: MEMBERS ONLY, VOL. 4"
2/1/2019,16,16,JUICE WRLD,GRADE A/INTERSCOPE,25459,-0.01,286,646,24527,0,0,0,GOODBYE &amp; GOOD RIDDANCE
2/1/2019,17,13,THE GREATEST SHOWMAN,ATLANTIC,25114,-0.1,8561,2313,14240,-4,0,0,ORIGINAL SOUNDTRACK
2/1/2019,18,18,BAD BUNNY,RIMAS,24153,0.0,463,738,22952,0,0,0,X 100PRE
2/1/2019,19,17,LIL BABY,QUALITY CONTROL/MOTOWN/CAPITOL,22864,-0.09,91,635,22137,-2,0,0,DRIP HARDER
2/1/2019,20,15,XXXTENTACION,BAD VIBES FOREVER,22206,-0.14,676,907,20623,-5,0,0,?
2/1/2019,21,23,LUKE COMBS,RIVER HOUSE/COLUMBIA NASHVILLE,22103,0.04,3221,2184,16697,2,0,0,THIS ONE'S FOR YOU
2/1/2019,22,20,CARDI B,ATLANTIC,21438,-0.03,606,1122,19710,-2,0,0,INVASION OF PRIVACY
2/1/2019,23,24,YOUNGBOY NEVER BROKE AGAIN,ATLANTIC,20412,-0.01,232,166,20014,1,0,0,REALER
2/1/2019,24,19,ARIANA GRANDE,REPUBLIC,19906,-0.11,1773,931,17202,-5,0,0,SWEETENER
2/1/2019,25,25,POST MALONE,REPUBLIC,18664,-0.06,611,527,17526,0,0,0,STONEY
2/1/2019,26,21,BILLIE EILISH,DARKROOM/INTERSCOPE,18580,-0.13,2080,910,15590,-5,0,0,DONT SMILE AT ME
2/1/2019,27,27,BOOGIE,SHADY/INTERSCOPE,18397,0.0,3264,801,14331,0,0,0,EVERYTHINGS FOR SALE
2/1/2019,28,31,LIL BABY,QUALITY CONTROL/MOTOWN/CAPITOL,18312,0.06,179,138,17995,3,0,0,STREET GOSSIP
2/1/2019,29,39,LIL WAYNE,YOUNG MONEY,17445,0.11,856,599,15990,10,0,0,THA CARTER V
2/1/2019,30,27,HAMILTON,UPTOWN/ATLANTIC,17314,-0.05,4234,352,12728,-3,0,0,ORIGINAL BROADWAY CAST
2/1/2019,31,35,ELLA MAI,10 SUMMERS/INTERSCOPE,16997,0.04,1153,744,15101,4,0,0,ELLA MAI
2/1/2019,32,32,KHALID,RIGHT HAND MUSIC/RCA,16131,-0.04,522,1069,14540,0,0,0,SUNCITY
2/1/2019,33,37,ED SHEERAN,ATLANTIC,15994,-0.01,1678,1340,12977,4,0,0,DIVIDE
2/1/2019,34,30,PANIC! AT THE DISCO,FUELED BY RAMEN/ATLANTIC,15959,-0.09,2513,2179,11267,-4,0,0,PRAY FOR THE WICKED
2/1/2019,35,36,METRO BOOMIN,BOOMINATI/REPUBLIC,15866,-0.03,130,175,15562,1,0,0,NOT ALL HEROES WEAR CAPES
2/1/2019,36,41,DAN + SHAY,WARNER BROS/WARNER MUSIC NASHVILLE,15370,-0.01,1642,1641,12087,5,0,0,DAN + SHAY
2/1/2019,37,28,6IX9INE,SCUMGANG/CREATE,15354,-0.15,140,277,14937,-9,0,0,DUMMY BOY
2/1/2019,38,26,YNW MELLY,P2019,15267,-0.19,120,203,14943,-12,0,0,WE ALL SHINE
2/1/2019,39,39,LAUREN DAIGLE,CENTRICITY/12TONE,13886,-0.02,5863,1909,6114,0,0,0,LOOK UP CHILD
2/1/2019,40,47,KHALID,RIGHT HAND MUSIC/RCA,13850,-0.03,950,323,12578,7,0,0,AMERICAN TEEN
2/1/2019,41,44,IMAGINE DRAGONS,KIDINAKORNER/INTERSCOPE,13617,-0.09,3264,1446,8906,3,0,0,ORIGINS
2/1/2019,42,48,BAZZI,IAMCOSMIC/ATLANTIC,13332,-0.06,151,752,12429,6,0,0,COSMIC
2/1/2019,43,34,SKI MASK THE SLUMP GOD,VICTOR VICTOR/REPUBLIC,13286,-0.19,214,243,12830,-9,0,0,STOKELEY
2/1/2019,44,40,XXXTENTACION,BAD VIBES FOREVER/EMPIRE,13240,-0.15,235,299,12706,-4,0,0,17
2/1/2019,45,46,GUCCI MANE,ATLANTIC,13151,-0.08,57,646,12448,1,0,0,EVIL GENIUS
2/1/2019,46,43,TRIPPIE REDD,TENTHOUSAND,13093,-0.14,177,105,12810,-3,0,0,A LOVE LETTER TO YOU 3
2/1/2019,47,47,BETHEL MUSIC,BETHEL,12747,0.0,9850,651,2245,0,0,0,VICTORY (LIVE)
2/1/2019,48,7,CODY JOHNSON,WARNER BROS. NASHVILLE,12629,0.0,4445,880,7304,-41,0,0,AIN'T NOTHIN' TO IT
2/1/2019,49,33,XXXTENTACION,BAD VIBES FOREVER/EMPIRE,12601,-0.24,509,317,11775,-16,0,0,SKINS
2/1/2019,50,50,EMINEM,SHADY/AFTERMATH/INTERSCOPE,12427,0.0,1920,449,10058,0,0,0,KAMIKAZE
2/8/2019,1,3,A BOOGIE WIT DA HOODIE,ATLANTIC,46352,-0.04,452,1081,44819,2,1,0,HOODIE SZN
2/8/2019,2,2,FUTURE,FREEBANDZ/EPIC,40384,-0.3,606,637,39141,0,1,0,FUTURE HNDRXX PRESENTS: THE WIZRD
2/8/2019,3,5,LADY GAGA,INTERSCOPE,39878,0.01,20167,4931,14780,2,1,0,A STAR IS BORN SOUNDTRACK
2/8/2019,4,7,21 SAVAGE,SLAUGHTER GANG/EPIC,38926,0.08,841,1181,36903,3,1,0,I AM &gt; I WAS
2/8/2019,5,10,TRAVIS SCOTT,CACTUS JACK/GRAND HUSTLE/EPIC,38424,0.12,1967,2600,33857,5,1,1,ASTROWORLD
2/8/2019,6,8,POST MALONE,REPUBLIC,36368,0.02,3631,1962,30774,2,1,0,BEERBONGS &amp; BENTLEYS
2/8/2019,7,6,MEEK MILL,ATLANTIC,35361,-0.03,609,1392,33360,-1,1,0,CHAMPIONSHIPS
2/8/2019,8,11,DRAKE,YMCMB/REPUBLIC,34599,0.06,1680,1044,31874,3,1,0,SCORPION
2/8/2019,9,9,SPIDER-MAN: INTO THE SPIDER-VERSE,REPUBLIC,32535,-0.07,3164,3602,25769,0,1,0,SOUNDTRACK
2/8/2019,10,12,QUEEN,HOLLYWOOD,31624,0.04,7953,5097,18573,2,1,0,GREATEST HITS 1
2/8/2019,11,17,THE GREATEST SHOWMAN,ATLANTIC,27769,0.11,11244,2602,13923,6,1,0,ORIGINAL SOUNDTRACK
2/8/2019,12,13,KODAK BLACK,ATLANTIC,27253,-0.03,158,768,26327,1,1,0,DYING TO LIVE
2/8/2019,13,21,LUKE COMBS,RIVER HOUSE/COLUMBIA NASHVILLE,25216,0.14,4160,2971,18085,8,1,0,THIS ONE'S FOR YOU
2/8/2019,14,16,JUICE WRLD,GRADE A/INTERSCOPE,24880,-0.02,307,715,23859,2,1,0,GOODBYE &amp; GOOD RIDDANCE
2/8/2019,15,22,CARDI B,ATLANTIC,23668,0.1,1575,1560,20533,7,1,0,INVASION OF PRIVACY
2/8/2019,16,19,LIL BABY,QUALITY CONTROL/MOTOWN/CAPITOL,23212,0.02,163,851,22198,3,1,0,DRIP HARDER
2/8/2019,17,18,BAD BUNNY,RIMAS,22535,-0.07,511,833,21191,1,1,0,X 100PRE
2/8/2019,18,26,BILLIE EILISH,DARKROOM/INTERSCOPE,22494,0.21,2726,1400,18368,8,1,0,DONT SMILE AT ME
2/8/2019,19,20,XXXTENTACION,BAD VIBES FOREVER,20817,-0.06,656,806,19356,1,1,0,?
2/8/2019,20,23,YOUNGBOY NEVER BROKE AGAIN,ATLANTIC,20114,-0.01,214,210,19690,3,1,0,REALER
2/8/2019,21,1,BACKSTREET BOYS,K-BAHN/RCA,19710,-0.92,15866,734,3110,-20,1,0,DNA
2/8/2019,22,28,LIL BABY,QUALITY CONTROL/MOTOWN/CAPITOL,19704,0.08,184,229,19290,6,1,0,STREET GOSSIP
2/8/2019,23,24,ARIANA GRANDE,REPUBLIC,19183,-0.04,2498,1040,15646,1,1,0,SWEETENER
2/8/2019,24,25,POST MALONE,REPUBLIC,18970,0.02,772,640,17558,1,1,0,STONEY
2/8/2019,25,31,ELLA MAI,10 SUMMERS/INTERSCOPE,18406,0.08,1656,892,15858,6,1,0,ELLA MAI
2/8/2019,26,26,GRATEFUL DEAD,GRATEFUL DEAD/RHINO,18171,0.0,18071,0,0,0,1,0,DAVE'S PICKS VOL. 29
2/8/2019,27,27,LUIS FONSI,UNIVERSAL MUSIC LATIN,18093,0.0,11149,1280,5664,0,1,0,VIDA
2/8/2019,28,28,VARIOUS ARTISTS,NOW,17319,0.0,17319,0,0,0,1,0,NOW 69
2/8/2019,29,29,LIL WAYNE,YOUNG MONEY,17264,-0.01,793,616,15854,0,1,0,THA CARTER V
2/8/2019,30,30,HAMILTON,UPTOWN/ATLANTIC,17150,-0.01,4337,393,12420,0,1,0,ORIGINAL BROADWAY CAST
2/8/2019,31,33,ED SHEERAN,ATLANTIC,17059,0.07,2222,1632,13205,2,1,0,DIVIDE
2/8/2019,32,36,DAN + SHAY,WARNER BROS. NASHVILLE,16598,0.08,2768,1966,11865,4,1,0,DAN + SHAY
2/8/2019,33,34,PANIC! AT THE DISCO,FUELED BY RAMEN/ATLANTIC,16585,0.04,3132,2552,10901,1,1,0,PRAY FOR THE WICKED
2/8/2019,34,39,LAUREN DAIGLE,CENTRICITY/12TONE,16269,0.17,7750,2303,6216,5,1,0,LOOK UP CHILD
2/8/2019,35,32,KHALID,RIGHT HAND MUSIC/RCA,16050,-0.01,523,1352,14174,-3,1,0,SUNCITY
2/8/2019,36,36,G HERBO,MACHINE,16028,0.0,831,309,14888,0,1,0,STILL SWERVIN
2/8/2019,37,35,METRO BOOMIN,BOOMINATI/REPUBLIC,15652,-0.01,159,208,15284,-2,1,0,NOT ALL HEROES WEAR CAPES
2/8/2019,38,37,6IX9INE,SCUMGANG/CREATE,14862,-0.03,214,325,14324,-1,1,0,DUMMY BOY
2/8/2019,39,39,BLUEFACE,5TH AMENDMENT/EONE,14238,0.0,84,531,13623,0,1,0,FAMOUS CRYP
2/8/2019,40,40,MAROON 5,222/INTERSCOPE,14206,0.0,1061,3087,10058,0,1,1,RED PILL BLUES (DELUXE)
2/8/2019,41,40,KHALID,RIGHT HAND MUSIC/RCA,13991,0.01,1071,395,12525,-1,1,0,AMERICAN TEEN
2/8/2019,42,41,IMAGINE DRAGONS,KIDINAKORNER/INTERSCOPE,13893,0.02,3627,1604,8663,-1,1,0,ORIGINS
2/8/2019,43,43,QUEEN,HOLLYWOOD,13860,0.0,7609,947,5304,0,1,0,BOHEMIAN RHAPSODY (THE ORIGINAL SOUNDTRACK)
2/8/2019,44,4,WEEZER,CRUSH/ATLANTIC,13640,-0.66,7961,764,4915,-40,1,0,WEEZER (TEAL ALBUM)
2/8/2019,45,15,XXXTENTACION,MEMBERS ONLY/EMPIRE,13469,-0.5,289,165,13015,-30,1,0,"XXXTENTACION PRESENTS: MEMBERS ONLY, VOL. 4"
2/8/2019,46,46,CHRIS STAPLETON,MERCURY NASHVILLE,13281,0.0,4116,1017,8148,0,1,0,TRAVELLER
2/8/2019,47,50,EMINEM,SHADY/AFTERMATH/INTERSCOPE,13279,0.07,2959,533,9787,3,1,0,KAMIKAZE
2/8/2019,48,48,IMAGINE DRAGONS,KIDINAKORNER/INTERSCOPE,13220,0.0,2219,1713,9288,0,1,0,EVOLVE
2/8/2019,49,42,BAZZI,IAMCOSMIC/ATLANTIC,13165,-0.01,199,856,12110,-7,1,0,COSMIC
2/8/2019,50,50,NICKI MINAJ,YMCMB/REPUBLIC,12986,0.0,563,625,11798,0,1,0,QUEEN
1/31/2020,1,4,RODDY RICCH,BIRD VISION/ATLANTIC,93205,-0.07,964,1441,90800,3,0,0,PLEASE EXCUSE ME FOR BEING ANTI-SOCIAL
1/31/2020,2,1,EMINEM,SHADY/AFTERMATH/INTERSCOPE,86497,-0.69,13604,2431,70462,-1,0,0,MUSIC TO BE MURDERED BY
1/31/2020,3,8,BILLIE EILISH,DARKROOM/INTERSCOPE,56513,0.62,18052,4528,33933,5,0,0,"WHEN WE ALL FALL ASLEEP, WHERE DO WE GO?"
1/31/2020,4,2,HALSEY,CAPITOL,51115,-0.78,14316,2130,34669,-2,0,0,MANIC
1/31/2020,5,5,POST MALONE,REPUBLIC,49701,-0.06,2827,2609,44266,0,0,0,HOLLYWOOD'S BLEEDING
1/31/2020,6,3,MAC MILLER,WARNER,46342,-0.73,2578,325,43439,-3,0,0,CIRCLES
1/31/2020,7,9,DABABY,INTERSCOPE,33291,-0.04,326,517,32449,2,0,0,KIRK
1/31/2020,8,7,HARRY STYLES,COLUMBIA,30918,-0.16,7440,756,22722,-1,0,0,FINE LINE
1/31/2020,9,13,MONEYBAGG YO,N-LESS/INTERSCOPE,28533,-0.1,224,205,28104,4,0,0,TIME SERVED
1/31/2020,10,14,TRAVIS SCOTT,CACTUS JACK/EPIC,28192,-0.03,310,351,27531,4,0,0,JACKBOYS
1/31/2020,11,12,FROZEN 2,WALT DISNEY,27676,-0.13,5997,940,20740,1,0,0,SOUNDTRACK
1/31/2020,12,19,LIZZO,NICE LIFE/ATLANTIC,27676,0.19,5147,4237,18291,7,0,0,CUZ I LOVE YOU
1/31/2020,13,6,SELENA GOMEZ,INTERSCOPE,25322,-0.35,3746,1012,20565,-7,0,0,RARE
1/31/2020,14,15,YOUNG THUG,ATLANTIC,24247,-0.1,60,202,23986,1,0,0,SO MUCH FUN
1/31/2020,15,18,SUMMER WALKER,LVRN/INTERSCOPE,23890,-0.01,622,221,23047,3,0,0,OVER IT
1/31/2020,16,20,ROD WAVE,ALAMO/GEFFEN/INTERSCOPE,23516,0.03,107,195,23214,4,0,0,GHETTO GOSPEL
1/31/2020,17,16,TRIPPIE REDD,TENTHOUSAND/CAROLINE,23336,-0.07,372,114,22849,-1,0,0,A LOVE LETTER TO YOU 4
1/31/2020,18,25,CAMILA CABELLO,SYCO/EPIC,22929,0.06,2291,3090,17548,7,0,0,ROMANCE
1/31/2020,19,17,YOUNGBOY NEVER BROKE AGAIN,NEVER BROKE AGAIN/ATLANTIC,22257,-0.09,170,144,21943,-2,0,0,AI YOUNGBOY 2
1/31/2020,20,21,LUKE COMBS,RIVER HOUSE/COLUMBIA NASHVILLE,22136,-0.03,3060,1283,17794,1,0,0,WHAT YOU SEE IS WHAT YOU GET
1/31/2020,21,22,TAYLOR SWIFT,REPUBLIC,21287,-0.05,3522,983,16781,1,0,0,LOVER
1/31/2020,22,24,JUICE WRLD,GRADE A/INTERSCOPE,21158,-0.03,523,281,20355,2,0,0,GOODBYE &amp; GOOD RIDDANCE
1/31/2020,23,45,BLAKE SHELTON,WARNER NASHVILLE,20960,0.33,7264,4287,9409,22,0,0,FULLY LOADED: GOD'S COUNTRY
1/31/2020,24,29,LEWIS CAPALDI,VERTIGO BERLIN/CAPITOL,20512,0.02,1470,2285,16757,5,0,0,DIVINELY UNINSPIRED TO A HELLISH EXTENT
1/31/2020,25,33,BILLIE EILISH,DARKROOM/INTERSCOPE,20468,0.13,4534,1220,14714,8,0,0,DONT SMILE AT ME
1/31/2020,26,11,DREAMVILLE,DREAMVILLE/ROC NATION/INTERSCOPE,18914,-0.42,384,193,18337,-15,0,0,REVENGE OF THE DREAMERS III
1/31/2020,27,27,BREAKING BENJAMIN,HOLLYWOOD,18774,0.0,15295,543,2936,0,0,0,AURORA
1/31/2020,28,28,POST MALONE,REPUBLIC,18309,-0.12,594,449,17266,0,0,0,BEERBONGS &amp; BENTLEYS
1/31/2020,29,30,JUICE WRLD,GRADE A/INTERSCOPE,18284,-0.07,420,203,17661,1,0,0,DEATH RACE FOR LOVE
1/31/2020,30,31,ED SHEERAN,ATLANTIC,17150,-0.12,1154,1297,14700,1,0,0,NO. 6 COLLABORATIONS PROJECT
1/31/2020,31,47,LIL NAS X,COLUMBIA,16424,0.08,369,2109,13946,16,0,0,7
1/31/2020,32,41,DRAKE,YMCMB/REPUBLIC,15975,-0.06,181,215,15580,9,0,0,SCORPION
1/31/2020,33,27,YNW MELLY,ATLANTIC,15823,-0.27,20,227,15576,-6,0,0,MELLY VS. MELVIN
1/31/2020,34,32,MUSTARD,10 SUMMERS/INTERSCOPE,15756,-0.16,37,385,15334,-2,0,0,PERFECT TEN
1/31/2020,35,39,LUKE COMBS,RIVER HOUSE/COLUMBIA NASHVILLE,15755,-0.07,1008,549,14198,4,0,0,THIS ONE'S FOR YOU
1/31/2020,36,35,TONES AND I,NEW ELEKTRA,15550,-0.13,568,1700,13282,-1,0,0,THE KIDS ARE COMING
1/31/2020,37,38,DOJA CAT,KEMOSABE/RCA,15504,-0.1,168,500,14836,1,0,0,HOT PINK
1/31/2020,38,37,QUEEN,HOLLYWOOD,15033,-0.13,2191,823,12019,-1,0,0,GREATEST HITS 1
1/31/2020,39,42,TRAVIS SCOTT,CACTUS JACK/GRAND HUSTLE/EPIC,14994,-0.1,284,146,14565,3,0,0,ASTROWORLD
1/31/2020,40,46,CHRIS BROWN,RCA,14884,-0.05,197,370,14317,6,0,0,INDIGO
1/31/2020,41,41,ARIANA GRANDE,REPUBLIC,14476,0.0,995,637,12844,0,0,0,"THANK U, NEXT"
1/31/2020,42,44,POST MALONE,REPUBLIC,13662,-0.14,396,214,13053,2,0,0,STONEY
1/31/2020,43,48,KHALID,RIGHT HAND MUSIC/RCA,13464,-0.12,515,313,12636,5,0,0,FREE SPIRIT
1/31/2020,44,40,XXXTENTACION,BAD VIBES FOREVER,13213,-0.22,191,189,12833,-4,0,0,?
1/31/2020,45,43,LIL TJAY,COLUMBIA,12750,-0.23,18,87,12646,-2,0,0,TRUE 2 MYSELF
1/31/2020,46,50,ELTON JOHN,ISLAND,12398,-0.16,1784,832,9782,4,0,0,DIAMONDS
1/31/2020,47,49,DABABY,INTERSCOPE,11758,-0.2,161,212,11385,2,0,0,BABY ON BABY
1/31/2020,48,36,LIL TECCA,GALACTIC/REPUBLIC,11683,-0.33,34,122,11527,-12,0,0,WE LOVE YOU TECCA
1/31/2020,49,49,MORGAN WALLEN,BIG LOUD,11677,0.0,471,535,10670,0,0,0,IF I KNOW ME
1/31/2020,50,50,HAMILTON,UPTOWN/ATLANTIC,11600,0.0,1366,134,10099,0,0,0,ORIGINAL BROADWAY CAST
2/7/2020,1,1,LIL WAYNE,YOUNG MONEY/REPUBLIC,138388,0.0,37229,1960,99200,0,1,0,FUNERAL
2/7/2020,2,1,RODDY RICCH,BIRD VISION/ATLANTIC,86725,-0.07,881,1521,84323,-1,1,0,PLEASE EXCUSE ME FOR BEING ANTI-SOCIAL
2/7/2020,3,3,RUSS,COLUMBIA,67716,0.0,39815,538,27363,0,1,0,SHAKE THE SNOW GLOBE
2/7/2020,4,2,EMINEM,SHADY/AFTERMATH/INTERSCOPE,62372,-0.28,17247,1324,43801,-2,1,0,MUSIC TO BE MURDERED BY
2/7/2020,5,5,POST MALONE,REPUBLIC,51289,0.03,4641,2827,43821,0,1,0,HOLLYWOOD'S BLEEDING
2/7/2020,6,3,BILLIE EILISH,DARKROOM/INTERSCOPE,48381,-0.14,13638,2559,32184,-3,1,0,"WHEN WE ALL FALL ASLEEP, WHERE DO WE GO?"
2/7/2020,7,7,KESHA,KEMOSABE/RCA,44729,0.0,35102,908,8719,0,1,0,HIGH ROAD
2/7/2020,8,4,HALSEY,CAPITOL,38841,-0.24,11349,1305,26186,-4,1,0,MANIC
2/7/2020,9,9,LOUIS TOMLINSON,SYCO/ARISTA,38525,0.0,34150,297,4078,0,1,0,WALLS
2/7/2020,10,21,TAYLOR SWIFT,REPUBLIC,31856,0.5,8968,2063,20825,11,1,0,LOVER
2/7/2020,11,8,HARRY STYLES,COLUMBIA,30099,-0.03,7431,921,21748,-3,1,0,FINE LINE
2/7/2020,12,7,DABABY,INTERSCOPE,30023,-0.1,316,493,29213,-5,1,0,KIRK
2/7/2020,13,13,KEY GLOCK,PAPER ROUTE EMPIRE,28290,0.0,782,220,27288,0,1,0,YELLOW TAPE
2/7/2020,14,14,YO GOTTI,EPIC/CMG,27341,0.0,3069,555,23717,0,1,0,UNTRAPPED
2/7/2020,15,10,TRAVIS SCOTT,CACTUS JACK/EPIC,25613,-0.09,235,334,25045,-5,1,0,JACKBOYS
2/7/2020,16,6,MAC MILLER,WARNER,25324,-0.45,758,184,24382,-10,1,0,CIRCLES
2/7/2020,17,19,YOUNGBOY NEVER BROKE AGAIN,NEVER BROKE AGAIN/ATLANTIC,24499,0.1,163,147,24189,2,1,0,AI YOUNGBOY 2
2/7/2020,18,12,LIZZO,NICE LIFE/ATLANTIC,24487,-0.12,4247,2382,17858,-6,1,0,CUZ I LOVE YOU
2/7/2020,19,15,SUMMER WALKER,LVRN/INTERSCOPE,23967,0.0,548,224,23194,-4,1,0,OVER IT
2/7/2020,20,11,FROZEN 2,WALT DISNEY,23940,-0.13,5793,924,17224,-9,1,0,SOUNDTRACK
2/7/2020,21,20,LUKE COMBS,RIVER HOUSE/COLUMBIA NASHVILLE,23178,0.05,4143,1641,17395,-1,1,0,WHAT YOU SEE IS WHAT YOU GET
2/7/2020,22,14,YOUNG THUG,ATLANTIC,22474,-0.07,48,201,22226,-8,1,0,SO MUCH FUN
2/7/2020,23,16,ROD WAVE,ALAMO/GEFFEN/INTERSCOPE,22420,-0.05,130,194,22096,-7,1,0,GHETTO GOSPEL
2/7/2020,24,9,MONEYBAGG YO,N-LESS/INTERSCOPE,21655,-0.24,156,176,21323,-15,1,0,TIME SERVED
2/7/2020,25,25,BILLIE EILISH,DARKROOM/INTERSCOPE,20798,0.02,4383,902,15513,0,1,0,DONT SMILE AT ME
2/7/2020,26,17,TRIPPIE REDD,TENTHOUSAND/CAROLINE,20774,-0.11,350,99,20325,-9,1,0,A LOVE LETTER TO YOU 4
2/7/2020,27,22,JUICE WRLD,GRADE A/INTERSCOPE,20656,-0.02,303,224,20130,-5,1,0,GOODBYE &amp; GOOD RIDDANCE
2/7/2020,28,18,CAMILA CABELLO,SYCO/EPIC,20596,-0.1,2013,1386,17197,-10,1,0,ROMANCE
2/7/2020,29,29,MEGHAN TRAINOR,EPIC,20507,0.0,11099,1996,7412,0,1,0,TREAT MYSELF
2/7/2020,30,29,JUICE WRLD,GRADE A/INTERSCOPE,20096,0.1,295,159,19642,-1,1,0,DEATH RACE FOR LOVE
2/7/2020,31,28,POST MALONE,REPUBLIC,19968,0.09,1055,510,18403,-3,1,0,BEERBONGS &amp; BENTLEYS
2/7/2020,32,24,LEWIS CAPALDI,VERTIGO BERLIN/CAPITOL,19925,-0.03,1178,1445,17301,-8,1,0,DIVINELY UNINSPIRED TO A HELLISH EXTENT
2/7/2020,39,39,GRATEFUL DEAD,GRATEFUL DEAD/RHINO,16280,0.0,16280,0,0,0,1,0,DAVE'S PICKS VOL. 33: EVANS FIELD HOUSE
2/7/2020,33,13,SELENA GOMEZ,INTERSCOPE,19056,-0.25,2479,649,15927,-20,1,0,RARE
2/7/2020,34,31,LIL NAS X,COLUMBIA,18427,0.12,289,2400,15738,-3,1,0,7
2/7/2020,35,33,YNW MELLY,ATLANTIC,16942,0.07,13,179,16751,-2,1,0,MELLY VS. MELVIN
2/7/2020,36,34,MUSTARD,10 SUMMERS/INTERSCOPE,16725,0.06,65,404,16256,-2,1,0,PERFECT TEN
2/7/2020,37,32,DRAKE,YMCMB/REPUBLIC,16310,0.02,250,247,15813,-5,1,0,SCORPION
2/7/2020,38,37,DOJA CAT,KEMOSABE/RCA,16300,0.05,184,500,15616,-1,1,0,HOT PINK
2/7/2020,40,35,LUKE COMBS,RIVER HOUSE/COLUMBIA NASHVILLE,15849,0.01,1110,639,14100,-5,1,0,THIS ONE'S FOR YOU
2/7/2020,41,26,DREAMVILLE,DREAMVILLE/ROC NATION/INTERSCOPE,15779,-0.17,214,133,15432,-15,1,0,REVENGE OF THE DREAMERS III
2/7/2020,42,30,ED SHEERAN,ATLANTIC,15741,-0.08,998,1146,13597,-12,1,0,NO. 6 COLLABORATIONS PROJECT
2/7/2020,43,36,TONES AND I,NEW ELEKTRA,15455,-0.01,652,1692,13111,-7,1,0,THE KIDS ARE COMING
2/7/2020,44,39,TRAVIS SCOTT,CACTUS JACK/GRAND HUSTLE/EPIC,15441,0.03,308,141,14992,-5,1,0,ASTROWORLD
2/7/2020,45,38,QUEEN,HOLLYWOOD,15308,0.02,2490,862,11956,-7,1,0,GREATEST HITS 1
2/7/2020,46,23,BLAKE SHELTON,WARNER NASHVILLE,15073,-0.28,4796,1830,8447,-23,1,0,FULLY LOADED: GOD'S COUNTRY
2/7/2020,47,44,XXXTENTACION,BAD VIBES FOREVER,14984,0.13,190,164,14629,-3,1,0,?
2/7/2020,48,41,ARIANA GRANDE,REPUBLIC,14750,0.02,1372,351,13027,-7,1,0,"THANK U, NEXT"
2/7/2020,49,49,K. MICHELLE,EONE,14734,0.0,9438,347,4948,0,1,0,ALL MONSTERS ARE HUMAN
2/7/2020,50,45,LIL TJAY,COLUMBIA,14636,0.15,39,79,14518,-5,1,0,TRUE 2 MYSELF
2/5/2021,1,1,MORGAN WALLEN,BIG LOUD/REPUBLIC,152596,0.16,26274,5829,120493,0,0,0,DANGEROUS: THE DOUBLE ALBUM
2/5/2021,2,5,LIL DURK,ALAMO/GEFFEN/INTERSCOPE,86604,1.63,655,599,85351,3,0,0,THE VOICE
2/5/2021,3,2,POP SMOKE,VICTOR VICTOR/REPUBLIC,41356,-0.07,761,504,40091,-1,0,0,SHOOT FOR THE STARS AIM FOR THE MOON
2/5/2021,4,4,THE WEEKND,XO/REPUBLIC,33442,-0.02,3348,1612,28482,0,0,1,AFTER HOURS
2/5/2021,5,6,JUICE WRLD,GRADE A/INTERSCOPE,29874,-0.04,1955,179,27739,1,0,0,LEGENDS NEVER DIE
2/5/2021,6,3,TAYLOR SWIFT,REPUBLIC,29680,-0.16,6074,443,23163,-3,0,0,EVERMORE
2/5/2021,7,8,LUKE COMBS,RIVER HOUSE/COLUMBIA NASHVILLE,28880,-0.02,2286,1050,25545,1,0,0,WHAT YOU SEE IS WHAT YOU GET
2/5/2021,8,9,LIL BABY,QUALITY CONTROL/MOTOWN/CAPITOL,27515,-0.07,327,184,27004,1,0,0,MY TURN
2/5/2021,9,7,ARIANA GRANDE,REPUBLIC,27176,-0.11,1777,455,24944,-2,0,0,POSITIONS
2/5/2021,10,14,BAD BUNNY,RIMAS,24695,-0.04,254,262,24178,4,0,0,EL ULTIMO TOUR DEL MUNDO
2/5/2021,11,12,MEGAN THEE STALLION,ATLANTIC,24411,-0.1,259,708,23444,1,0,0,GOOD NEWS
2/5/2021,12,16,MACHINE GUN KELLY,BAD BOY/INTERSCOPE,24318,0.04,2701,946,20671,4,0,0,TICKETS TO MY DOWNFALL
2/5/2021,13,11,THE KID LAROI,COLUMBIA,24245,-0.11,163,322,23760,-2,0,0,F*CK LOVE
2/5/2021,14,10,TAYLOR SWIFT,REPUBLIC,22855,-0.17,8525,196,14134,-4,0,0,FOLKLORE
2/5/2021,15,15,POST MALONE,REPUBLIC,22755,-0.03,1483,413,20859,0,0,0,HOLLYWOOD'S BLEEDING
2/5/2021,16,29,MORGAN WALLEN,BIG LOUD,21868,0.34,5862,834,15172,13,0,0,IF I KNOW ME
2/5/2021,17,17,HARRY STYLES,COLUMBIA,21582,-0.06,6158,435,14989,0,0,0,FINE LINE
2/5/2021,18,22,DOJA CAT,KEMOSABE/RCA,20923,0.06,182,579,20162,4,0,0,HOT PINK
2/5/2021,19,19,GRATEFUL DEAD,GRATEFUL DEAD/RHINO,20749,0.0,20749,0,0,0,0,0,DAVE'S PICKS VOL. 37
2/5/2021,20,20,JUICE WRLD,GRADE A/INTERSCOPE,19407,-0.06,447,128,18832,0,0,0,GOODBYE &amp; GOOD RIDDANCE
2/5/2021,21,18,HAMILTON,UPTOWN/ATLANTIC,19386,-0.1,1483,168,17734,-3,0,0,ORIGINAL BROADWAY CAST
2/5/2021,22,24,POLO G,COLUMBIA,18411,-0.02,90,74,18248,2,0,0,THE GOAT
2/5/2021,23,21,DUA LIPA,WARNER,17607,-0.11,929,1044,15634,-2,0,0,FUTURE NOSTALGIA
2/5/2021,24,19,EMINEM,SHADY/AFTERMATH/INTERSCOPE,16920,-0.19,2620,308,13991,-5,0,0,MUSIC TO BE MURDERED BY
2/5/2021,25,23,JACK HARLOW,GENERATION NOW/ATLANTIC,16662,-0.14,71,191,16400,-2,0,0,THATS WHAT THEY ALL SAY
2/5/2021,26,37,QUEEN,HOLLYWOOD,16266,0.07,3073,763,12430,11,0,0,GREATEST HITS 1
2/5/2021,27,27,WEEZER,CRUSH/ATLANTIC,15816,0.0,10334,474,5007,0,0,0,OK HUMAN
2/5/2021,28,30,LUKE COMBS,RIVER HOUSE/COLUMBIA NASHVILLE,15714,-0.04,1334,361,14020,2,0,0,THIS ONE'S FOR YOU
2/5/2021,29,25,DABABY,SCMG/INTERSCOPE,15673,-0.1,166,161,15347,-4,0,0,BLAME IT ON BABY
2/5/2021,30,27,JUICE WRLD,GRADE A/INTERSCOPE,15189,-0.09,378,75,14736,-3,0,0,DEATH RACE FOR LOVE
2/5/2021,31,26,ROD WAVE,ALAMO/GEFFEN/INTERSCOPE,15102,-0.1,47,84,14971,-5,0,0,PRAY 4 LOVE
2/5/2021,32,31,BAD BUNNY,RIMAS,14928,-0.07,152,68,14709,-1,0,0,YHLQMDLG
2/5/2021,33,40,CHRIS STAPLETON,MERCURY NASHVILLE,14925,0.02,4262,739,9924,7,0,0,STARTING OVER
2/5/2021,34,34,METALLICA,BLACKENED,14612,0.0,10242,261,4108,0,0,0,METALLICA
2/5/2021,35,32,BILLIE EILISH,DARKROOM/INTERSCOPE,14586,-0.08,2492,289,11805,-3,0,0,"WHEN WE ALL FALL ASLEEP, WHERE DO WE GO?"
2/5/2021,36,33,MILEY CYRUS,RCA,14089,-0.1,1315,415,12359,-3,0,0,PLASTIC HEARTS
2/5/2021,37,41,SUMMER WALKER,LVRN/INTERSCOPE,13932,-0.04,275,75,13582,4,0,0,OVER IT
2/5/2021,38,38,LIL UZI VERT,GENERATION NOW/ATLANTIC,13776,-0.09,42,30,13704,0,0,0,ETERNAL ATAKE
2/5/2021,39,34,JAZMINE SULLIVAN,RCA,13774,-0.12,754,228,12793,-5,0,0,HEAUX TALES
2/5/2021,40,36,SZA,TDE/RCA,13670,-0.12,270,57,13344,-4,0,0,CTRL
2/5/2021,41,43,LEWIS CAPALDI,VERTIGO BERLIN/CAPITOL,13489,-0.04,547,354,12587,2,0,0,DIVINELY UNINSPIRED TO A HELLISH EXTENT
2/5/2021,42,35,FUTURE,FREEBANDZ/EPIC/GENERATION NOW/ATLANTIC,13480,-0.13,26,72,13382,-7,0,0,PLUTO X BABY PLUTO
2/5/2021,43,28,PLAYBOI CARTI,INTERSCOPE,13306,-0.19,35,32,13239,-15,0,0,WHOLE LOTTA RED
2/5/2021,44,49,ELTON JOHN,ISLAND,13275,0.0,1882,512,10881,5,0,0,DIAMONDS
2/5/2021,45,47,POST MALONE,REPUBLIC,13125,-0.04,506,408,12211,2,0,0,BEERBONGS &amp; BENTLEYS
2/5/2021,46,46,FLEETWOOD MAC,WARNER,12340,0.0,1668,518,10154,0,0,0,GREATEST HITS
2/5/2021,47,13,ANUEL AA,REAL HASTA LA MUERTE,12308,-0.53,502,136,11671,-34,0,0,LOS DIOSES
2/5/2021,48,48,RODDY RICCH,BIRD VISION/ATLANTIC,12253,-0.09,116,65,12072,0,0,0,PLEASE EXCUSE ME FOR BEING ANTISOCIAL
2/5/2021,49,49,DRAKE,YMCMB/REPUBLIC,12229,0.0,96,88,12045,0,0,0,SCORPION
2/5/2021,50,45,YOUNGBOY NEVER BROKE AGAIN,NEVER BROKE AGAIN/ATLANTIC,12209,-0.11,18,37,12155,-5,0,0,TOP
2/12/2021,1,1,MORGAN WALLEN,BIG LOUD/REPUBLIC,156539,0.03,41798,5809,108932,0,1,0,DANGEROUS: THE DOUBLE ALBUM
2/12/2021,2,2,THE WEEKND,XO/REPUBLIC,88840,0.0,9995,9018,69827,0,1,1,THE HIGHLIGHTS
2/12/2021,3,3,FOO FIGHTERS,ROSWELL/RCA,68115,0.0,61389,521,6205,0,1,0,MEDICINE AT MIDNIGHT
2/12/2021,4,4,POOH SHIESTY,ATLANTIC,65405,0.0,1324,463,63618,0,1,0,SHIESTY SEASON
2/12/2021,5,2,LIL DURK,ALAMO/GEFFEN/INTERSCOPE,49391,-0.43,151,301,48940,-3,1,0,THE VOICE
2/12/2021,6,3,POP SMOKE,VICTOR VICTOR/REPUBLIC,39322,-0.05,1396,491,37435,-3,1,0,SHOOT FOR THE STARS AIM FOR THE MOON
2/12/2021,7,9,ARIANA GRANDE,REPUBLIC,31710,0.17,7321,398,23992,2,1,0,POSITIONS
2/12/2021,8,16,MORGAN WALLEN,BIG LOUD,29839,0.36,11474,1694,16670,8,1,0,IF I KNOW ME
2/12/2021,9,7,LUKE COMBS,RIVER HOUSE/COLUMBIA NASHVILLE,29005,0.0,2702,916,25388,-2,1,0,WHAT YOU SEE IS WHAT YOU GET
2/12/2021,10,5,JUICE WRLD,GRADE A/INTERSCOPE,28829,-0.03,2036,176,26617,-5,1,0,LEGENDS NEVER DIE
2/12/2021,11,8,LIL BABY,QUALITY CONTROL/MOTOWN/CAPITOL,27961,0.02,279,206,27476,-3,1,0,MY TURN
2/12/2021,12,6,TAYLOR SWIFT,REPUBLIC,27662,-0.07,6272,445,20945,-6,1,0,EVERMORE
2/12/2021,13,11,MEGAN THEE STALLION,ATLANTIC,26570,0.09,337,895,25337,-2,1,0,GOOD NEWS
2/12/2021,14,13,THE KID LAROI,COLUMBIA,24384,0.01,123,312,23950,-1,1,0,F*CK LOVE
2/12/2021,15,10,BAD BUNNY,RIMAS,24101,-0.02,193,233,23676,-5,1,0,EL ULTIMO TOUR DEL MUNDO
2/12/2021,16,15,POST MALONE,REPUBLIC,23994,0.05,1798,442,21754,-1,1,0,HOLLYWOOD'S BLEEDING
2/12/2021,17,12,MACHINE GUN KELLY,BAD BOY/INTERSCOPE,22737,-0.06,2329,679,19730,-5,1,0,TICKETS TO MY DOWNFALL
2/12/2021,18,18,DOJA CAT,KEMOSABE/RCA,20708,-0.01,119,396,20193,0,1,0,HOT PINK
2/12/2021,19,20,JUICE WRLD,GRADE A/INTERSCOPE,20082,0.03,592,122,19369,1,1,0,GOODBYE &amp; GOOD RIDDANCE
2/12/2021,20,23,DUA LIPA,WARNER,20046,0.14,988,1018,18040,3,1,0,FUTURE NOSTALGIA
2/12/2021,21,17,HARRY STYLES,COLUMBIA,19671,-0.09,5077,431,14162,-4,1,0,FINE LINE
2/12/2021,22,14,TAYLOR SWIFT,REPUBLIC,19603,-0.14,5359,164,14081,-8,1,0,FOLKLORE
2/12/2021,23,22,POLO G,COLUMBIA,18738,0.02,55,86,18598,-1,1,0,THE GOAT
2/12/2021,24,21,HAMILTON,UPTOWN/ATLANTIC,18651,-0.04,1423,181,17047,-3,1,0,ORIGINAL BROADWAY CAST
2/12/2021,25,26,QUEEN,HOLLYWOOD,18147,0.12,4324,1138,12686,1,1,0,GREATEST HITS 1
2/12/2021,26,26,21 SAVAGE,BOOMINATI/REPUBLIC/SLAUGHTER GANG/EPIC,17091,0.0,5231,59,11801,0,1,0,SAVAGE MODE II
2/12/2021,27,25,JACK HARLOW,GENERATION NOW/ATLANTIC,16753,0.01,53,183,16517,-2,1,0,THATS WHAT THEY ALL SAY
2/12/2021,28,28,LUKE COMBS,RIVER HOUSE/COLUMBIA NASHVILLE,16107,0.03,1468,332,14307,0,1,0,THIS ONE'S FOR YOU
2/12/2021,29,35,BILLIE EILISH,DARKROOM/INTERSCOPE,15912,0.09,3310,255,12348,6,1,0,"WHEN WE ALL FALL ASLEEP, WHERE DO WE GO?"
2/12/2021,30,29,DABABY,SCMG/INTERSCOPE,15879,0.01,141,145,15593,-1,1,0,BLAME IT ON BABY
2/12/2021,31,32,BAD BUNNY,RIMAS,15879,0.06,125,66,15688,1,1,0,YHLQMDLG
2/12/2021,32,31,ROD WAVE,ALAMO/GEFFEN/INTERSCOPE,15854,0.05,50,84,15719,-1,1,0,PRAY 4 LOVE
2/12/2021,33,36,MILEY CYRUS,RCA,15746,0.12,1588,460,13698,3,1,0,PLASTIC HEARTS
2/12/2021,34,24,EMINEM,SHADY/AFTERMATH/INTERSCOPE,15616,-0.08,1986,283,13347,-10,1,0,MUSIC TO BE MURDERED BY
2/12/2021,35,30,JUICE WRLD,GRADE A/INTERSCOPE,15451,0.02,203,72,15175,-5,1,0,DEATH RACE FOR LOVE
2/12/2021,36,4,THE WEEKND,XO/REPUBLIC,15165,-0.55,6526,88,8551,-32,1,1,AFTER HOURS
2/12/2021,37,38,LIL UZI VERT,GENERATION NOW/ATLANTIC,15116,0.1,63,27,15026,1,1,0,ETERNAL ATAKE
2/12/2021,38,33,CHRIS STAPLETON,MERCURY NASHVILLE,13955,-0.06,4163,618,9175,-5,1,0,STARTING OVER
2/12/2021,39,45,POST MALONE,REPUBLIC,13939,0.06,534,514,12891,6,1,0,BEERBONGS &amp; BENTLEYS
2/12/2021,40,40,SZA,TDE/RCA,13857,0.01,284,51,13522,0,1,0,CTRL
2/12/2021,41,37,SUMMER WALKER,LVRN/INTERSCOPE,13831,-0.01,212,62,13556,-4,1,0,OVER IT
2/12/2021,42,39,JAZMINE SULLIVAN,RCA,13725,0.0,701,239,12785,-3,1,0,HEAUX TALES
2/12/2021,43,42,FUTURE,FREEBANDZ/EPIC/GENERATION NOW/ATLANTIC,13641,0.01,28,62,13551,-1,1,0,PLUTO X BABY PLUTO
2/12/2021,44,41,LEWIS CAPALDI,VERTIGO BERLIN/CAPITOL,13563,0.01,538,404,12622,-3,1,0,DIVINELY UNINSPIRED TO A HELLISH EXTENT
2/12/2021,45,44,ELTON JOHN,ISLAND,13420,0.01,2275,572,10572,-1,1,0,DIAMONDS
2/12/2021,46,49,DRAKE,YMCMB/REPUBLIC,13267,0.08,70,85,13111,3,1,0,SCORPION
2/12/2021,47,47,TRAVIS SCOTT,CACTUS JACK/GRAND HUSTLE/EPIC,12739,0.0,525,67,12147,0,1,0,ASTROWORLD
2/12/2021,48,46,FLEETWOOD MAC,WARNER,12551,0.02,1902,518,10131,-2,1,0,GREATEST HITS
2/12/2021,49,48,RODDY RICCH,BIRD VISION/ATLANTIC,12532,0.02,116,56,12360,-1,1,0,PLEASE EXCUSE ME FOR BEING ANTISOCIAL
2/12/2021,50,50,JHENE AIKO,DEF JAM,12523,0.0,315,104,12104,0,1,0,CHILOMBO
2/11/2022,1,1,ENCANTO,WALT DISNEY,111134,-0.01,16555,2529,92050,0,0,0,SOUNDTRACK
2/11/2022,2,3,GUNNA,ELEKTRA,46216,-0.15,29,11,46176,1,0,0,DS4EVER
2/11/2022,3,3,YO GOTTI,CMG/INEVITABLE II/EPIC,43859,0.0,14170,287,29401,0,0,0,CM10: FREE GAME
2/11/2022,4,5,MORGAN WALLEN,BIG LOUD/REPUBLIC,39289,-0.04,1362,710,37217,1,0,0,DANGEROUS: THE DOUBLE ALBUM
2/11/2022,5,2,THE WEEKND,XO/REPUBLIC,33476,-0.54,4181,398,28897,-3,0,0,DAWN FM
2/11/2022,6,6,DRAKE,OVO/REPUBLIC,33227,-0.03,81,177,32970,0,0,0,CERTIFIED LOVER BOY
2/11/2022,7,7,THE WEEKND,XO/REPUBLIC,32556,-0.02,1381,495,30680,0,0,0,THE HIGHLIGHTS
2/11/2022,8,8,DOJA CAT,KEMOSABE/RCA,30995,-0.06,571,452,29972,0,0,0,PLANET HER
2/11/2022,9,4,YOUNGBOY NEVER BROKE AGAIN,NEVER BROKE AGAIN/ATLANTIC,30888,-0.29,69,53,30765,-5,0,0,COLORS
2/11/2022,10,9,ADELE,COLUMBIA,30680,-0.07,10763,701,19216,-1,0,0,30
2/11/2022,11,11,MITSKI,DEAD OCEAN,30332,0.0,17497,107,12728,0,0,0,LAUREL HELL
2/11/2022,12,10,OLIVIA RODRIGO,GEFFEN,28452,-0.01,3595,295,24563,-2,0,0,SOUR
2/11/2022,13,11,TAYLOR SWIFT,REPUBLIC,24351,-0.09,4432,239,19680,-2,0,0,RED (TAYLOR'S VERSION)
2/11/2022,14,14,KORN,LOMA VISTA,22448,0.0,19008,156,3284,0,0,0,REQUIEM
2/11/2022,15,12,POLO G,COLUMBIA,21526,-0.08,25,54,21447,-3,0,0,HALL OF FAME
2/11/2022,16,16,JUICE WRLD,GRADE A/INTERSCOPE,21266,0.08,95,95,21077,0,0,0,FIGHTING DEMONS
2/11/2022,17,39,FLEETWOOD MAC,WARNER,21235,0.44,9903,549,10783,22,0,0,RUMOURS
2/11/2022,18,15,THE KID LAROI,COLUMBIA,19763,-0.03,22,283,19458,-3,0,0,F*CK LOVE
2/11/2022,19,20,LIL BABY,QUALITY CONTROL/MOTOWN,19428,0.05,62,50,19317,1,0,0,MY TURN
2/11/2022,20,20,2 CHAINZ,2 CHAINZ/DEF JAM,19391,0.0,3323,409,15659,0,0,0,DOPE DON'T SELL ITSELF
2/11/2022,21,22,LIL NAS X,COLUMBIA,19078,0.07,127,563,18388,1,0,0,MONTERO
2/11/2022,22,17,ED SHEERAN,ATLANTIC,18918,-0.04,2387,877,15654,-5,0,0,=
2/11/2022,23,26,BILLIE EILISH,DARKROOM/INTERSCOPE,18546,0.08,3180,166,15199,3,0,0,HAPPIER THAN EVER
2/11/2022,24,21,POP SMOKE,VICTOR VICTOR/REPUBLIC,18207,-0.01,238,85,17883,-3,0,0,SHOOT FOR THE STARS AIM FOR THE MOON
2/11/2022,25,23,JUICE WRLD,GRADE A/INTERSCOPE,18093,0.01,468,51,17575,-2,0,0,GOODBYE &amp; GOOD RIDDANCE
2/11/2022,26,24,POST MALONE,REPUBLIC,17677,0.0,925,182,16570,-2,0,0,HOLLYWOOD'S BLEEDING
2/11/2022,27,27,LUKE COMBS,RIVER HOUSE/COLUMBIA NASHVILLE,16948,-0.01,522,321,16106,0,0,0,WHAT YOU SEE IS WHAT YOU GET
2/11/2022,28,18,WALKER HAYES,MONUMENT,16922,-0.13,3163,1176,12583,-10,0,0,COUNTRY STUFF THE ALBUM
2/11/2022,29,29,JUICE WRLD,GRADE A/INTERSCOPE,16747,0.01,287,64,16395,0,0,0,LEGENDS NEVER DIE
2/11/2022,30,30,JUSTIN BIEBER,RBMG/DEF JAM,16697,0.04,761,515,15421,0,0,0,JUSTICE
2/11/2022,31,34,DUA LIPA,WARNER,16293,0.05,757,411,15125,3,0,0,FUTURE NOSTALGIA
2/11/2022,32,28,ROD WAVE,ALAMO/SME,15969,-0.05,25,29,15915,-4,0,0,SOULFLY
2/11/2022,33,33,BAD BUNNY,RIMAS,15585,0.0,44,42,15499,0,0,0,YHLQMDLG
2/11/2022,34,25,SUMMER WALKER,LVRN/INTERSCOPE,15233,-0.14,170,61,15001,-9,0,0,STILL OVER IT
2/11/2022,35,31,QUEEN,HOLLYWOOD,15213,-0.03,2542,432,12239,-4,0,0,GREATEST HITS 1
2/11/2022,36,36,KENDRICK LAMAR,TDE/AFTERMATH/INTERSCOPE,15092,-0.02,3066,53,11972,0,0,1,GOOD KID M.A.A.D CITY
2/11/2022,37,38,JUICE WRLD,GRADE A/INTERSCOPE,14467,-0.05,536,9,13923,1,0,0,DEATH RACE FOR LOVE
2/11/2022,38,35,KANYE WEST,G.O.O.D./DEF JAM,14454,-0.06,72,103,14278,-3,0,0,DONDA
2/11/2022,39,43,HAMILTON,UPTOWN/ATLANTIC,14274,0.0,924,98,13252,4,0,0,ORIGINAL BROADWAY CAST
2/11/2022,40,32,SNIPER GANG,SNIPER GANG/ATLANTIC,14247,-0.09,16,143,14088,-8,0,0,SNIPER GANG PRESENTS SYKO BOB &amp; SNAPKATT: NIGHTMARE BABIES
2/11/2022,41,40,LUKE COMBS,RIVER HOUSE/COLUMBIA NASHVILLE,14036,-0.05,747,187,13103,-1,0,0,THIS ONE'S FOR YOU
2/11/2022,42,47,ELTON JOHN,ISLAND,14007,0.03,1831,588,11589,5,0,0,DIAMONDS
2/11/2022,43,41,MONEYBAGG YO,CMG/N-LESS/INTERSCOPE,13862,-0.06,13,71,13778,-2,0,0,A GANGSTA'S PAIN
2/11/2022,44,44,GLASS ANIMALS,POLYDOR/REPUBLIC,13855,-0.02,365,374,13116,0,0,0,DREAMLAND
2/11/2022,45,46,NARDO WICK,FLAWLESS/RCA,13625,-0.01,32,63,13531,1,0,0,WHO IS NARDO WICK?
2/11/2022,46,42,TAYLOR SWIFT,REPUBLIC,13563,-0.05,3103,77,10382,-4,0,0,FOLKLORE
2/11/2022,47,49,BRUNO MARS,AFTERMATH/ATLANTIC,13495,0.03,2470,411,10614,2,0,0,AN EVENING WITH SILK SONIC
2/11/2022,48,48,LIL UZI VERT,GENERATION NOW/ATLANTIC,13080,0.0,9,28,13043,0,0,0,LUV IS RAGE 2
2/11/2022,49,50,BABY KEEM,PGLANG/COLUMBIA,12850,-0.01,13,35,12802,1,0,0,THE MELODIC BLUE
2/11/2022,50,14,NLE CHOPPA,WARNER,12679,-0.42,103,60,12516,-36,0,0,ME VS. ME
2/18/2022,1,1,ENCANTO,WALT DISNEY,100118,-0.1,13073,2366,84679,0,1,0,SOUNDTRACK
2/18/2022,2,2,GUNNA,YOUNG STONER LIFE/ELEKTRA,45685,-0.01,29,25,45631,0,1,0,DS4EVER
2/18/2022,3,4,MORGAN WALLEN,BIG LOUD/REPUBLIC,43400,0.1,1810,755,40835,1,1,0,DANGEROUS: THE DOUBLE ALBUM
2/18/2022,4,6,DRAKE,OVO/REPUBLIC,34151,0.03,91,159,33901,2,1,0,CERTIFIED LOVER BOY
2/18/2022,5,7,THE WEEKND,XO/REPUBLIC,33403,0.03,1633,495,31275,2,1,0,THE HIGHLIGHTS
2/18/2022,6,8,DOJA CAT,KEMOSABE/RCA,32082,0.04,622,512,30948,2,1,0,PLANET HER
2/18/2022,7,7,EMINEM,SHADY/AFTERMATH/INTERSCOPE,30635,0.0,1350,3611,25674,0,1,1,CURTAIN CALL
2/18/2022,8,8,DR. DRE,AFTERMATH/INTERSCOPE,30274,0.0,3639,5101,21534,0,1,1,DR. DRE 2001
2/18/2022,9,10,ADELE,COLUMBIA,30201,-0.02,10858,700,18643,1,1,0,30
2/18/2022,10,12,OLIVIA RODRIGO,GEFFEN,29535,0.04,4090,248,25197,2,1,0,SOUR
2/18/2022,11,22,ED SHEERAN,ATLANTIC,29067,0.54,3196,2122,23750,11,1,0,=
2/18/2022,12,5,THE WEEKND,XO/REPUBLIC,28090,-0.16,3081,322,24687,-7,1,0,DAWN FM
2/18/2022,13,9,YOUNGBOY NEVER BROKE AGAIN,NEVER BROKE AGAIN/ATLANTIC,26102,-0.15,70,42,25990,-4,1,0,COLORS
2/18/2022,14,14,MARY J. BLIGE,MARY JANE PRODUCTIONS,25809,0.0,15012,945,9853,0,1,1,GOOD MORNING GORGEOUS
2/18/2022,15,13,TAYLOR SWIFT,REPUBLIC,24045,-0.01,4514,237,19294,-2,1,0,RED (TAYLOR'S VERSION)
2/18/2022,16,16,JUICE WRLD,GRADE A/INTERSCOPE,22691,0.07,76,113,22502,0,1,0,FIGHTING DEMONS
2/18/2022,17,15,POLO G,COLUMBIA,21418,-0.01,12,49,21358,-2,1,0,HALL OF FAME
2/18/2022,18,19,LIL BABY,QUALITY CONTROL/MOTOWN,20953,0.08,54,47,20852,1,1,0,MY TURN
2/18/2022,19,18,THE KID LAROI,COLUMBIA,20292,0.03,28,269,19995,-1,1,0,F*CK LOVE
2/18/2022,20,38,KANYE WEST,G.O.O.D./DEF JAM,20159,0.39,4930,103,15126,18,1,0,DONDA
2/18/2022,21,36,KENDRICK LAMAR,TDE/AFTERMATH/INTERSCOPE,19986,0.32,3527,246,16213,15,1,1,GOOD KID M.A.A.D CITY
2/18/2022,22,23,BILLIE EILISH,DARKROOM/INTERSCOPE,19884,0.07,3722,163,16000,1,1,0,HAPPIER THAN EVER
2/18/2022,23,21,LIL NAS X,COLUMBIA,19631,0.03,118,549,18965,-2,1,0,MONTERO
2/18/2022,24,24,2PAC,DEATH ROW/INTERSCOPE,19303,0.0,1866,1701,15736,0,1,0,GREATEST HITS
2/18/2022,25,17,FLEETWOOD MAC,WARNER,19295,-0.09,8742,326,10227,-8,1,0,RUMOURS
2/18/2022,26,33,BAD BUNNY,RIMAS,18851,0.21,63,53,18735,7,1,0,YHLQMDLG
2/18/2022,27,24,POP SMOKE,VICTOR VICTOR/REPUBLIC,18614,0.02,267,93,18253,-3,1,0,SHOOT FOR THE STARS AIM FOR THE MOON
2/18/2022,28,28,EDDIE VEDDER,REPUBLIC,18389,0.0,16020,266,2103,0,1,0,EARTHLING
2/18/2022,29,26,POST MALONE,REPUBLIC,18252,0.03,917,188,17147,-3,1,0,HOLLYWOOD'S BLEEDING
2/18/2022,30,25,JUICE WRLD,GRADE A/INTERSCOPE,17973,-0.01,398,52,17523,-5,1,0,GOODBYE &amp; GOOD RIDDANCE
2/18/2022,31,30,JUSTIN BIEBER,RBMG/DEF JAM,17495,0.05,858,616,16021,-1,1,0,JUSTICE
2/18/2022,32,27,LUKE COMBS,RIVER HOUSE/COLUMBIA NASHVILLE,17484,0.03,697,350,16437,-5,1,0,WHAT YOU SEE IS WHAT YOU GET
2/18/2022,33,33,SPOON,MATADOR,17242,0.0,14674,159,2410,0,1,0,LUCIFER ON THE SOFA
2/18/2022,34,31,DUA LIPA,WARNER,17120,0.05,600,390,16131,-3,1,0,FUTURE NOSTALGIA
2/18/2022,35,3,YO GOTTI,CMG/INEVITABLE II/EPIC,16999,-0.61,134,151,16714,-32,1,0,CM10: FREE GAME
2/18/2022,36,29,JUICE WRLD,GRADE A/INTERSCOPE,16764,0.0,219,63,16481,-7,1,0,LEGENDS NEVER DIE
2/18/2022,37,37,KENDRICK LAMAR,TDE/INTERSCOPE,15959,0.0,1576,222,14161,0,1,1,DAMN.
2/18/2022,38,32,ROD WAVE,ALAMO/SME,15921,0.0,19,30,15872,-6,1,0,SOULFLY
2/18/2022,39,35,QUEEN,HOLLYWOOD,15853,0.04,2815,437,12600,-4,1,0,GREATEST HITS 1
2/18/2022,40,28,WALKER HAYES,MONUMENT,15709,-0.07,2626,1050,12033,-12,1,0,COUNTRY STUFF THE ALBUM
2/18/2022,41,41,JAZMINE SULLIVAN,RCA,14977,0.0,942,376,13660,0,1,0,HEAUX TALES
2/18/2022,42,42,ELTON JOHN,ISLAND,14793,0.06,2059,614,12119,0,1,0,DIAMONDS
2/18/2022,43,45,NARDO WICK,FLAWLESS/RCA,14755,0.08,9,57,14689,2,1,0,WHO IS NARDO WICK?
2/18/2022,44,47,BRUNO MARS,AFTERMATH/ATLANTIC,14689,0.09,2874,466,11350,3,1,0,AN EVENING WITH SILK SONIC
2/18/2022,45,34,SUMMER WALKER,LVRN/INTERSCOPE,14655,-0.04,182,46,14426,-11,1,0,STILL OVER IT
2/18/2022,46,39,HAMILTON,UPTOWN/ATLANTIC,14572,0.02,979,94,13499,-7,1,0,ORIGINAL BROADWAY CAST
2/18/2022,47,47,BAD BUNNY,RIMAS,14519,0.0,55,53,14410,0,1,0,EL ULTIMO TOUR DEL MUNDO
2/18/2022,48,41,LUKE COMBS,RIVER HOUSE/COLUMBIA NASHVILLE,14517,0.03,728,183,13605,-7,1,0,THIS ONE'S FOR YOU
2/18/2022,49,43,MONEYBAGG YO,CMG/N-LESS/INTERSCOPE,14336,0.03,14,70,14252,-6,1,0,A GANGSTA'S PAIN
2/18/2022,50,37,JUICE WRLD,GRADE A/INTERSCOPE,14035,-0.03,176,30,13829,-13,1,0,DEATH RACE FOR LOVE
2/10/2023,1,2,SZA,TDE/RCA (SME),98754,0.0,586,498,97671,1,0,0,SOS
2/10/2023,2,3,TAYLOR SWIFT,REPUBLIC (UMG),58650,-0.13,12588,820,45241,1,0,0,MIDNIGHTS
2/10/2023,3,1,TOMORROW X TOGETHER,BIGHIT/IMPERIAL/REPUBLIC (UMG),49398,-0.69,44766,76,4556,-2,0,0,THE NAME CHAPTER: TEMPTATION
2/10/2023,4,4,METRO BOOMIN,BOOMINATI/REPUBLIC (UMG),45056,-0.03,566,337,44153,0,0,0,HEROES &amp; VILLAINS
2/10/2023,5,6,MORGAN WALLEN,BIG LOUD/REPUBLIC (UMG),44206,0.07,1084,443,42679,1,0,0,DANGEROUS: THE DOUBLE ALBUM
2/10/2023,6,7,BAD BUNNY,RIMAS (THE ORCHARD),44129,0.14,1199,293,42637,1,0,0,UN VERANO SIN TI
2/10/2023,7,46,THE WEEKND,XO/REPUBLIC (UMG),43896,1.97,698,436,42762,39,0,0,THE HIGHLIGHTS
2/10/2023,8,5,DRAKE,OVO/REPUBLIC (UMG),42749,-0.02,279,180,42291,-3,0,0,HER LOSS
2/10/2023,9,13,HARRY STYLES,COLUMBIA (SME),37739,0.54,9900,1075,26765,4,0,0,HARRY'S HOUSE
2/10/2023,10,10,SHANIA TWAIN,REPUBLIC (UMG),37238,0.0,33282,445,3511,0,0,0,QUEEN OF ME
2/10/2023,11,27,BEYONCE,PARKWOOD/COLUMBIA (SME),36469,1.31,4829,8598,23042,16,0,0,RENAISSANCE
2/10/2023,12,10,ZACH BRYAN,WARNER (WMG),31007,0.02,1645,475,28887,-2,0,0,AMERICAN HEARTBREAK
2/10/2023,13,12,LIL BABY,QUALITY CONTROL/MOTOWN (UMG),26783,0.0,57,59,26667,-1,0,0,IT'S ONLY ME
2/10/2023,14,8,SAM SMITH,CAPITOL (UMG),23335,-0.38,3350,1434,18551,-6,0,0,GLORIA
2/10/2023,15,11,HARDY,BIG LOUD (STEM),20882,-0.23,3172,687,17023,-4,0,0,THE MOCKINGBIRD &amp; THE CROW
2/10/2023,16,17,FUTURE,FREEBANDZ/EPIC (SME),20122,0.05,181,61,19880,1,0,0,I NEVER LIKED YOU
2/10/2023,17,18,BAILEY ZIMMERMAN,WARNER NASHVILLE (WMG),19655,0.04,862,460,18333,1,0,0,LEAVE THE LIGHT ON
2/10/2023,18,19,LUKE COMBS,RIVER HOUSE/COLUMBIA NASHVILLE (SME),19487,0.05,1359,642,17486,1,0,0,GROWIN' UP
2/10/2023,19,16,ELTON JOHN,ISLAND (UMG),19440,0.0,960,593,17887,-3,0,0,DIAMONDS
2/10/2023,20,20,DRAKE,OVO/REPUBLIC (UMG),18767,0.05,46,35,18687,0,0,0,CERTIFIED LOVER BOY
2/10/2023,21,22,LIL BABY,QUALITY CONTROL/MOTOWN (UMG),18441,0.05,40,27,18374,1,0,0,MY TURN
2/10/2023,22,25,SZA,TDE/RCA (SME),18204,0.13,3097,28,15079,3,0,0,CTRL
2/10/2023,23,23,OLIVIA RODRIGO,GEFFEN (UMG),18204,0.08,2597,95,15512,0,0,0,SOUR
2/10/2023,24,24,TAYLOR SWIFT,REPUBLIC (UMG),16694,0.04,4122,79,12494,0,0,0,FOLKLORE
2/10/2023,25,44,TAYLOR SWIFT,REPUBLIC (UMG),16582,0.22,4843,89,11650,19,0,0,RED (TAYLOR'S VERSION)
2/10/2023,26,26,TAYLOR SWIFT,REPUBLIC (UMG),16252,0.02,2932,96,13224,0,0,0,LOVER
2/10/2023,27,29,POST MALONE,REPUBLIC (UMG),15967,0.06,138,145,15685,2,0,0,HOLLYWOOD'S BLEEDING
2/10/2023,28,31,MORGAN WALLEN,BIG LOUD (STEM),15668,0.05,858,208,14603,3,0,0,IF I KNOW ME
2/10/2023,29,35,KENDRICK LAMAR,TDE/AFTERMATH/INTERSCOPE (UMG),15389,0.06,1649,35,13705,6,0,0,GOOD KID M.A.A.D CITY
2/10/2023,30,34,LUKE COMBS,RIVER HOUSE/COLUMBIA NASHVILLE (SME),15287,0.05,645,185,14456,4,0,0,THIS ONE'S FOR YOU
2/10/2023,31,36,FLEETWOOD MAC,WARNER (WMG),15237,0.06,3946,349,10942,5,0,0,RUMOURS
2/10/2023,32,30,JUICE WRLD,GRADE A/INTERSCOPE (UMG),15123,0.01,301,33,14789,-2,0,0,GOODBYE &amp; GOOD RIDDANCE
2/10/2023,33,33,TAYLOR SWIFT,BIG MACHINE/BMLG (UMG),15015,0.02,406,176,14433,0,0,0,1989
2/10/2023,34,48,KENDRICK LAMAR,TDE/AFTERMATH/INTERSCOPE (UMG),14980,0.12,440,45,14496,14,0,0,DAMN.
2/10/2023,35,9,LIL YACHTY,QUALITY CONTROL/MOTOWN (UMG),14957,-0.59,2798,29,12130,-26,0,0,LET'S START HERE.
2/10/2023,36,32,QUEEN,HOLLYWOOD (UMG),14849,0.01,2314,341,12194,-4,0,0,GREATEST HITS 1
2/10/2023,37,39,NICKI MINAJ,REPUBLIC (UMG),14796,0.04,316,305,14175,2,0,0,QUEEN RADIO: VOLUME 1
2/10/2023,38,38,EMINEM,SHADY/AFTERMATH/INTERSCOPE (UMG),14755,0.03,313,180,14263,0,0,0,CURTAIN CALL 2
2/10/2023,39,42,LUKE COMBS,RIVER HOUSE/COLUMBIA NASHVILLE (SME),14291,0.04,421,198,13672,3,0,0,WHAT YOU SEE IS WHAT YOU GET
2/10/2023,40,40,EMINEM,SHADY/AFTERMATH/INTERSCOPE (UMG),14218,0.01,286,221,13712,0,0,0,CURTAIN CALL
2/10/2023,41,43,DRAKE,YMCMB/REPUBLIC (UMG),14058,0.03,152,41,13865,2,0,0,TAKE CARE
2/10/2023,42,41,J. COLE,INTERSCOPE (UMG),13910,0.01,36,23,13851,-1,0,0,2014 FOREST HILLS DRIVE
2/10/2023,43,49,DRAKE,YMCMB/REPUBLIC (UMG),13904,0.04,41,38,13825,6,0,0,SCORPION
2/10/2023,44,47,DOJA CAT,KEMOSABE/RCA (SME),13884,0.04,365,93,13426,3,0,0,PLANET HER
2/10/2023,45,45,KENDRICK LAMAR,PGLANG/TDE/AFTERMATH/INTERSCOPE (UMG),13822,0.0,1504,65,12254,0,0,0,MR. MORALE &amp; THE BIG STEPPERS
2/10/2023,46,50,LIL DURK,ALAMO (SME),13393,0.02,8,39,13346,4,0,0,7220
2/10/2023,47,45,ROD WAVE,ALAMO (SME),13356,-0.01,15,19,13322,-2,0,0,BEAUTIFUL MIND
2/10/2023,48,48,HARRY STYLES,COLUMBIA (SME),13136,0.0,2469,315,10353,0,0,0,FINE LINE
2/10/2023,49,49,POP SMOKE,VICTOR VICTOR/REPUBLIC (UMG),13136,0.0,34,39,13063,0,0,0,SHOOT FOR THE STARS AIM FOR THE MOON
2/10/2023,50,50,CREEDENCE CLEARWATER REVIVAL,FANTASY (UMG),12960,0.0,2310,243,10407,0,0,0,CHRONICLE: THE 20 GREATEST HITS
2/17/2023,1,1,SZA,TDE/RCA (SME),93329,-0.05,599,508,92222,0,1,0,SOS
2/17/2023,2,2,TAYLOR SWIFT,REPUBLIC (UMG),57573,-0.02,14812,773,41988,0,1,0,MIDNIGHTS
2/17/2023,3,3,PARAMORE,ATLANTIC (WMG),54716,0.0,37244,196,17276,0,1,0,THIS IS WHY
2/17/2023,4,7,THE WEEKND,XO/REPUBLIC (UMG),43390,-0.01,788,398,42204,3,1,0,THE HIGHLIGHTS
2/17/2023,5,5,MORGAN WALLEN,BIG LOUD/REPUBLIC (UMG),43058,-0.03,1296,452,41311,0,1,0,DANGEROUS: THE DOUBLE ALBUM
2/17/2023,6,6,BAD BUNNY,RIMAS (THE ORCHARD),42814,-0.03,1140,195,41480,0,1,0,UN VERANO SIN TI
2/17/2023,7,4,METRO BOOMIN,BOOMINATI/REPUBLIC (UMG),42606,-0.05,504,328,41774,-3,1,0,HEROES &amp; VILLAINS
2/17/2023,8,8,DRAKE,OVO/REPUBLIC (UMG),39961,-0.07,225,153,39583,0,1,0,HER LOSS
2/17/2023,9,9,RIHANNA,WESTBURY ROAD/ROC NATION/DEF JAM (UMG),36638,0.0,5593,613,30432,0,1,1,ANTI
2/17/2023,10,9,HARRY STYLES,COLUMBIA (SME),32953,-0.13,9433,490,23030,-1,1,0,HARRY'S HOUSE
2/17/2023,11,3,TOMORROW X TOGETHER,BIGHIT/IMPERIAL/REPUBLIC (UMG),30056,-0.39,26543,37,3477,-8,1,0,THE NAME CHAPTER: TEMPTATION
2/17/2023,12,12,ZACH BRYAN,WARNER (WMG),28947,-0.07,1036,426,27484,0,1,0,AMERICAN HEARTBREAK
2/17/2023,13,11,BEYONCE,PARKWOOD/COLUMBIA (SME),28831,-0.21,4008,979,23843,-2,1,0,RENAISSANCE
2/17/2023,14,14,PIERCE THE VEIL,FEARLESS (UMG),27700,0.0,18086,108,9506,0,1,0,THE JAWS OF LIFE
2/17/2023,15,13,LIL BABY,QUALITY CONTROL/MOTOWN (UMG),26361,-0.02,70,57,26235,-2,1,0,IT'S ONLY ME
2/17/2023,16,16,RIHANNA,WESTBURY ROAD/ROC NATION/DEF JAM (UMG),25916,0.0,2540,1794,21582,0,1,1,GOOD GIRL GONE BAD
2/17/2023,17,16,FUTURE,FREEBANDZ/EPIC (SME),20725,0.03,224,53,20448,-1,1,0,I NEVER LIKED YOU
2/17/2023,18,19,ELTON JOHN,ISLAND (UMG),19788,0.02,1138,615,18036,1,1,0,DIAMONDS
2/17/2023,19,19,RIHANNA,WESTBURY ROAD/ROC NATION/DEF JAM (UMG),19776,0.0,632,1342,17802,0,1,1,UNAPOLOGETIC
2/17/2023,20,18,LUKE COMBS,RIVER HOUSE/COLUMBIA NASHVILLE (SME),19542,0.0,1523,461,17558,-2,1,0,GROWIN' UP
2/17/2023,21,17,BAILEY ZIMMERMAN,WARNER NASHVILLE (WMG),18861,-0.04,762,399,17701,-4,1,0,LEAVE THE LIGHT ON
2/17/2023,22,21,LIL BABY,QUALITY CONTROL/MOTOWN (UMG),18320,-0.01,30,32,18258,-1,1,0,MY TURN
2/17/2023,23,20,DRAKE,OVO/REPUBLIC (UMG),18158,-0.03,51,42,18065,-3,1,0,CERTIFIED LOVER BOY
2/17/2023,24,14,SAM SMITH,CAPITOL (UMG),18155,-0.22,2129,809,15217,-10,1,0,GLORIA
2/17/2023,25,40,EMINEM,SHADY/AFTERMATH/INTERSCOPE (UMG),17843,0.25,294,286,17263,15,1,0,CURTAIN CALL
2/17/2023,26,15,HARDY,BIG LOUD (STEM),17787,-0.15,2224,529,15035,-11,1,0,THE MOCKINGBIRD &amp; THE CROW
2/17/2023,27,27,RIHANNA,WESTBURY ROAD/ROC NATION/DEF JAM (UMG),17603,0.0,1382,1297,14924,0,1,1,LOUD
2/17/2023,28,28,POST MALONE,MERCURY/REPUBLIC (UMG),17162,0.0,7558,110,9493,0,1,0,TWELVE CARAT TOOTHACHE
2/17/2023,29,26,TAYLOR SWIFT,REPUBLIC (UMG),17073,0.05,3003,145,13925,-3,1,0,LOVER
2/17/2023,30,23,OLIVIA RODRIGO,GEFFEN (UMG),16969,-0.07,1980,80,14909,-7,1,0,SOUR
2/17/2023,31,38,EMINEM,SHADY/AFTERMATH/INTERSCOPE (UMG),16936,0.15,272,202,16462,7,1,0,CURTAIN CALL 2
2/17/2023,32,22,SZA,TDE/RCA (SME),16508,-0.09,1514,27,14967,-10,1,0,CTRL
2/17/2023,33,27,POST MALONE,REPUBLIC (UMG),16445,0.03,429,135,15881,-6,1,0,HOLLYWOOD'S BLEEDING
2/17/2023,34,30,LUKE COMBS,RIVER HOUSE/COLUMBIA NASHVILLE (SME),16232,0.06,761,202,15269,-4,1,0,THIS ONE'S FOR YOU
2/17/2023,35,31,FLEETWOOD MAC,WARNER (WMG),16038,0.05,4941,254,10843,-4,1,0,RUMOURS
2/17/2023,36,29,KENDRICK LAMAR,TDE/AFTERMATH/INTERSCOPE (UMG),15836,0.03,1931,36,13869,-7,1,0,GOOD KID M.A.A.D CITY
2/17/2023,37,34,KENDRICK LAMAR,TDE/AFTERMATH/INTERSCOPE (UMG),15637,0.04,484,45,15107,-3,1,0,DAMN.
2/17/2023,38,24,TAYLOR SWIFT,REPUBLIC (UMG),15545,-0.07,3927,67,11551,-14,1,0,FOLKLORE
2/17/2023,39,28,MORGAN WALLEN,BIG LOUD (STEM),15408,-0.02,753,206,14450,-11,1,0,IF I KNOW ME
2/17/2023,40,40,CHRIS STAPLETON,MERCURY NASHVILLE (UMG),15330,0.0,3229,577,11523,0,1,0,TRAVELLER
2/17/2023,41,36,QUEEN,HOLLYWOOD (UMG),15198,0.02,2498,330,12370,-5,1,0,GREATEST HITS 1
2/17/2023,42,37,NICKI MINAJ,REPUBLIC (UMG),15172,0.03,280,144,14748,-5,1,0,QUEEN RADIO: VOLUME 1
2/17/2023,43,32,JUICE WRLD,GRADE A/INTERSCOPE (UMG),15063,0.0,315,32,14716,-11,1,0,GOODBYE &amp; GOOD RIDDANCE
2/17/2023,44,41,DRAKE,YMCMB/REPUBLIC (UMG),15036,0.07,128,43,14865,-3,1,0,TAKE CARE
2/17/2023,45,39,LUKE COMBS,RIVER HOUSE/COLUMBIA NASHVILLE (SME),14969,0.05,464,221,14284,-6,1,0,WHAT YOU SEE IS WHAT YOU GET
2/17/2023,46,33,TAYLOR SWIFT,BIG MACHINE/BMLG (UMG),14651,-0.02,293,137,14222,-13,1,0,1989
2/17/2023,47,43,DRAKE,YMCMB/REPUBLIC (UMG),14209,0.02,57,50,14102,-4,1,0,SCORPION
2/17/2023,48,48,LIZZO,NICE LIFE/ATLANTIC (WMG),14045,0.0,2080,492,11473,0,1,0,SPECIAL
2/17/2023,49,49,RIHANNA,WESTBURY ROAD/ROC NATION/DEF JAM (UMG),13825,0.0,362,1128,12334,0,1,1,TALK THAT TALK
2/17/2023,50,25,TAYLOR SWIFT,REPUBLIC (UMG),13715,-0.17,2864,91,10759,-25,1,0,RED (TAYLOR'S VERSION)
2/9/2024,1,1,MORGAN WALLEN,BIG LOUD/MERCURY/REPUBLIC (UMG),64934,0.01,1803,674,62458,0,0,0,ONE THING AT A TIME
2/9/2024,2,2,TOBY KEITH,SHOW DOG (UMG),62725,0.0,10508,9331,42887,0,0,0,35 BIGGEST HITS
2/9/2024,3,9,TAYLOR SWIFT,REPUBLIC (UMG),52442,0.4,11544,965,39933,6,0,0,MIDNIGHTS
2/9/2024,4,6,SZA,TDE/RCA (SME),52376,0.29,3182,586,48608,2,0,0,SOS
2/9/2024,5,2,21 SAVAGE,SLAUGHTER GANG/EPIC (SME),51449,-0.12,226,221,51002,-3,0,0,AMERICAN DREAM
2/9/2024,6,4,NOAH KAHAN,MERCURY/REPUBLIC (UMG),50395,0.1,4781,514,45100,-2,0,0,STICK SEASON
2/9/2024,7,5,TAYLOR SWIFT,REPUBLIC (UMG),49404,0.11,11375,686,37343,-2,0,0,1989 (TAYLOR'S VERSION)
2/9/2024,8,3,DRAKE,OVO/REPUBLIC (UMG),48633,-0.01,63,136,48434,-5,0,0,FOR ALL THE DOGS
2/9/2024,9,8,TAYLOR SWIFT,REPUBLIC (UMG),46472,0.17,10873,827,34773,-1,0,0,LOVER
2/9/2024,10,7,ZACH BRYAN,WARNER (WMG),42730,0.06,4097,614,38019,-3,0,0,ZACH BRYAN
2/9/2024,11,10,MORGAN WALLEN,BIG LOUD/MERCURY/REPUBLIC (UMG),35643,-0.02,425,204,35015,-1,0,0,DANGEROUS: THE DOUBLE ALBUM
2/9/2024,12,12,TRAVIS SCOTT,CACTUS JACK/EPIC (SME),35311,0.1,2499,99,32713,0,0,0,UTOPIA
2/9/2024,13,13,HAZBIN HOTEL,A24 (SC DISTRIBUTION),33181,0.0,1941,812,30428,0,0,0,SOUNDTRACK
2/9/2024,14,14,TAYLOR SWIFT,REPUBLIC (UMG),32980,0.19,5728,296,26956,0,0,0,FOLKLORE
2/9/2024,15,15,TAYLOR SWIFT,BIG MACHINE/BMLG (UMG),30355,0.16,2101,363,27891,0,0,0,REPUTATION
2/9/2024,16,17,OLIVIA RODRIGO,GEFFEN (UMG),29008,0.13,4040,656,24313,1,0,0,GUTS
2/9/2024,17,13,ZACH BRYAN,WARNER (WMG),28216,0.01,1070,261,26885,-4,0,0,AMERICAN HEARTBREAK
2/9/2024,18,11,NICKI MINAJ,REPUBLIC (UMG),26959,-0.24,1262,401,25296,-7,0,0,PINK FRIDAY 2
2/9/2024,19,21,TATE MCRAE,RCA (SME),25666,0.1,231,230,25206,2,0,0,THINK LATER
2/9/2024,20,16,PESO PLUMA,DOUBLE P/PRAJIN PARLAY (THE ORCHARD),25087,-0.03,36,48,25002,-4,0,0,GENESIS
2/9/2024,21,26,LUKE COMBS,RIVER HOUSE/COLUMBIA NASHVILLE (SME),24271,0.22,1426,2197,20648,5,0,0,GETTIN' OLD
2/9/2024,22,18,FUERZA REGIDA,RANCHO HUMILDE/STREET MOB (SME),23646,-0.03,16,44,23585,-4,0,0,PA LAS BABY'S Y BELIKEADA
2/9/2024,23,24,TAYLOR SWIFT,REPUBLIC (UMG),23373,0.11,5412,257,17704,1,0,0,SPEAK NOW (TAYLOR'S VERSION)
2/9/2024,24,25,DRAKE,YMCMB/REPUBLIC (UMG),22726,0.08,3235,33,19459,1,0,0,TAKE CARE
2/9/2024,25,20,BAD BUNNY,RIMAS (THE ORCHARD),22712,-0.04,72,64,22576,-5,0,0,NADIE SABE LO QUE VA A PASAR MANANA
2/9/2024,26,32,TAYLOR SWIFT,REPUBLIC (UMG),21819,0.15,5770,169,15879,6,0,0,EVERMORE
2/9/2024,27,33,TAYLOR SWIFT,REPUBLIC (UMG),20994,0.11,3668,416,16909,6,0,0,RED (TAYLOR'S VERSION)
2/9/2024,28,30,BARBIE THE ALBUM,ATLANTIC (WMG),20600,0.08,1980,1293,17326,2,0,0,SOUNDTRACK
2/9/2024,29,31,OLIVIA RODRIGO,GEFFEN (UMG),20418,0.08,2420,149,17849,2,0,0,SOUR
2/9/2024,30,23,ROD WAVE,ALAMO (SME),20331,-0.1,145,49,20137,-7,0,0,NOSTALGIA
2/9/2024,31,40,SZA,TDE/RCA (SME),20155,0.15,2570,54,17531,9,0,0,CTRL
2/9/2024,32,19,KALI UCHIS,GEFFEN (UMG),20092,-0.16,2762,99,17232,-13,0,0,ORQUDEAS
2/9/2024,33,27,BAD BUNNY,RIMAS (THE ORCHARD),20006,0.02,99,50,19857,-6,0,0,UN VERANO SIN TI
2/9/2024,34,34,METRO BOOMIN,BOOMINATI/REPUBLIC (UMG),19686,0.05,140,46,19500,0,0,0,HEROES &amp; VILLAINS
2/9/2024,35,28,EMINEM,SHADY/AFTERMATH/INTERSCOPE (UMG),19058,-0.02,641,282,18136,-7,0,0,CURTAIN CALL
2/9/2024,36,35,LIL BABY,QUALITY CONTROL/MOTOWN (UMG),18809,0.01,15,21,18773,-1,0,0,MY TURN
2/9/2024,37,37,MILEY CYRUS,COLUMBIA (SME),18472,0.0,2689,3252,12531,0,0,0,ENDLESS SUMMER VACATION
2/9/2024,38,38,BOB MARLEY &amp; THE WAILERS,TUFF GONG/ISLAND (UMG),18370,0.0,4136,377,13858,0,0,0,LEGEND
2/9/2024,39,43,FLEETWOOD MAC,WARNER (WMG),18247,0.08,3534,277,14436,4,0,0,RUMOURS
2/9/2024,40,42,THE WEEKND,XO/REPUBLIC (UMG),18247,0.05,1090,44,17113,2,0,0,STARBOY
2/9/2024,41,38,ELTON JOHN,ISLAND (UMG),18227,0.03,648,404,17175,-3,0,0,DIAMONDS
2/9/2024,42,39,BAILEY ZIMMERMAN,WARNER NASHVILLE (WMG),17814,0.01,211,152,17450,-3,0,0,RELIGIOUSLY. THE ALBUM.
2/9/2024,43,37,DOJA CAT,KEMOSABE/RCA (SME),17224,-0.05,147,287,16790,-6,0,0,SCARLET
2/9/2024,44,47,CREEDENCE CLEARWATER REVIVAL,FANTASY (UMG),16893,0.06,1903,285,14705,3,0,0,ChRONICLE: THE 20 GREATEST HITS
2/9/2024,45,44,TEDDY SWIMS,WARNER (WMG),16872,0.0,1860,788,14225,-1,0,0,I'VE TRIED EVERYTHING BUT THERAPY (PART 1)
2/9/2024,46,50,LUKE COMBS,RIVER HOUSE/COLUMBIA NASHVILLE (SME),16699,0.08,452,200,16048,4,0,0,THIS ONE'S FOR YOU
2/9/2024,47,45,DRAKE,OVO/REPUBLIC (UMG),16504,0.03,11,20,16474,-2,0,0,CERTIFIED LOVER BOY
2/9/2024,48,46,DRAKE,OVO/REPUBLIC (UMG),16492,0.03,55,27,16410,-2,0,0,HER LOSS
2/9/2024,49,48,QUEEN,HOLLYWOOD (UMG),16269,0.04,2629,282,13359,-1,0,0,GREATEST HITS 1
2/9/2024,50,50,POST MALONE,REPUBLIC (UMG),15850,0.0,151,99,15600,0,0,0,HOLLYWOOD'S BLEEDING
2/16/2024,1,1,MORGAN WALLEN,BIG LOUD/MERCURY/REPUBLIC (UMG),64934,0.01,1803,674,62458,0,1,0,ONE THING AT A TIME
2/16/2024,2,2,TOBY KEITH,SHOW DOG (UMG),62725,0.0,10508,9331,42887,0,1,0,35 BIGGEST HITS
2/16/2024,3,9,TAYLOR SWIFT,REPUBLIC (UMG),52442,0.4,11544,965,39933,6,1,0,MIDNIGHTS
2/16/2024,4,6,SZA,TDE/RCA (SME),52376,0.29,3182,586,48608,2,1,0,SOS
2/16/2024,5,2,21 SAVAGE,SLAUGHTER GANG/EPIC (SME),51449,-0.12,226,221,51002,-3,1,0,AMERICAN DREAM
2/16/2024,6,4,NOAH KAHAN,MERCURY/REPUBLIC (UMG),50395,0.1,4781,514,45100,-2,1,0,STICK SEASON
2/16/2024,7,5,TAYLOR SWIFT,REPUBLIC (UMG),49404,0.11,11375,686,37343,-2,1,0,1989 (TAYLOR'S VERSION)
2/16/2024,8,3,DRAKE,OVO/REPUBLIC (UMG),48633,-0.01,63,136,48434,-5,1,0,FOR ALL THE DOGS
2/16/2024,9,8,TAYLOR SWIFT,REPUBLIC (UMG),46472,0.17,10873,827,34773,-1,1,0,LOVER
2/16/2024,10,7,ZACH BRYAN,WARNER (WMG),42730,0.06,4097,614,38019,-3,1,0,ZACH BRYAN
2/16/2024,11,10,MORGAN WALLEN,BIG LOUD/MERCURY/REPUBLIC (UMG),35643,-0.02,425,204,35015,-1,1,0,DANGEROUS: THE DOUBLE ALBUM
2/16/2024,12,12,TRAVIS SCOTT,CACTUS JACK/EPIC (SME),35311,0.1,2499,99,32713,0,1,0,UTOPIA
2/16/2024,13,13,HAZBIN HOTEL,A24 (SC DISTRIBUTION),33181,0.0,1941,812,30428,0,1,0,SOUNDTRACK
2/16/2024,14,14,TAYLOR SWIFT,REPUBLIC (UMG),32980,0.19,5728,296,26956,0,1,0,FOLKLORE
2/16/2024,15,15,TAYLOR SWIFT,BIG MACHINE/BMLG (UMG),30355,0.16,2101,363,27891,0,1,0,REPUTATION
2/16/2024,16,17,OLIVIA RODRIGO,GEFFEN (UMG),29008,0.13,4040,656,24313,1,1,0,GUTS
2/16/2024,17,13,ZACH BRYAN,WARNER (WMG),28216,0.01,1070,261,26885,-4,1,0,AMERICAN HEARTBREAK
2/16/2024,18,11,NICKI MINAJ,REPUBLIC (UMG),26959,-0.24,1262,401,25296,-7,1,0,PINK FRIDAY 2
2/16/2024,19,21,TATE MCRAE,RCA (SME),25666,0.1,231,230,25206,2,1,0,THINK LATER
2/16/2024,20,16,PESO PLUMA,DOUBLE P/PRAJIN PARLAY (THE ORCHARD),25087,-0.03,36,48,25002,-4,1,0,GENESIS
2/16/2024,21,26,LUKE COMBS,RIVER HOUSE/COLUMBIA NASHVILLE (SME),24271,0.22,1426,2197,20648,5,1,0,GETTIN' OLD
2/16/2024,22,18,FUERZA REGIDA,RANCHO HUMILDE/STREET MOB (SME),23646,-0.03,16,44,23585,-4,1,0,PA LAS BABY'S Y BELIKEADA
2/16/2024,23,24,TAYLOR SWIFT,REPUBLIC (UMG),23373,0.11,5412,257,17704,1,1,0,SPEAK NOW (TAYLOR'S VERSION)
2/16/2024,24,25,DRAKE,YMCMB/REPUBLIC (UMG),22726,0.08,3235,33,19459,1,1,0,TAKE CARE
2/16/2024,25,20,BAD BUNNY,RIMAS (THE ORCHARD),22712,-0.04,72,64,22576,-5,1,0,NADIE SABE LO QUE VA A PASAR MANANA
2/16/2024,26,32,TAYLOR SWIFT,REPUBLIC (UMG),21819,0.15,5770,169,15879,6,1,0,EVERMORE
2/16/2024,27,33,TAYLOR SWIFT,REPUBLIC (UMG),20994,0.11,3668,416,16909,6,1,0,RED (TAYLOR'S VERSION)
2/16/2024,28,30,BARBIE THE ALBUM,ATLANTIC (WMG),20600,0.08,1980,1293,17326,2,1,0,SOUNDTRACK
2/16/2024,29,31,OLIVIA RODRIGO,GEFFEN (UMG),20418,0.08,2420,149,17849,2,1,0,SOUR
2/16/2024,30,23,ROD WAVE,ALAMO (SME),20331,-0.1,145,49,20137,-7,1,0,NOSTALGIA
2/16/2024,31,40,SZA,TDE/RCA (SME),20155,0.15,2570,54,17531,9,1,0,CTRL
2/16/2024,32,19,KALI UCHIS,GEFFEN (UMG),20092,-0.16,2762,99,17232,-13,1,0,ORQUDEAS
2/16/2024,33,27,BAD BUNNY,RIMAS (THE ORCHARD),20006,0.02,99,50,19857,-6,1,0,UN VERANO SIN TI
2/16/2024,34,34,METRO BOOMIN,BOOMINATI/REPUBLIC (UMG),19686,0.05,140,46,19500,0,1,0,HEROES &amp; VILLAINS
2/16/2024,35,28,EMINEM,SHADY/AFTERMATH/INTERSCOPE (UMG),19058,-0.02,641,282,18136,-7,1,0,CURTAIN CALL
2/16/2024,36,35,LIL BABY,QUALITY CONTROL/MOTOWN (UMG),18809,0.01,15,21,18773,-1,1,0,MY TURN
2/16/2024,37,37,MILEY CYRUS,COLUMBIA (SME),18472,0.0,2689,3252,12531,0,1,0,ENDLESS SUMMER VACATION
2/16/2024,38,38,BOB MARLEY &amp; THE WAILERS,TUFF GONG/ISLAND (UMG),18370,0.0,4136,377,13858,0,1,0,LEGEND
2/16/2024,39,43,FLEETWOOD MAC,WARNER (WMG),18247,0.08,3534,277,14436,4,1,0,RUMOURS
2/16/2024,40,42,THE WEEKND,XO/REPUBLIC (UMG),18247,0.05,1090,44,17113,2,1,0,STARBOY
2/16/2024,41,38,ELTON JOHN,ISLAND (UMG),18227,0.03,648,404,17175,-3,1,0,DIAMONDS
2/16/2024,42,39,BAILEY ZIMMERMAN,WARNER NASHVILLE (WMG),17814,0.01,211,152,17450,-3,1,0,RELIGIOUSLY. THE ALBUM.
2/16/2024,43,37,DOJA CAT,KEMOSABE/RCA (SME),17224,-0.05,147,287,16790,-6,1,0,SCARLET
2/16/2024,44,47,CREEDENCE CLEARWATER REVIVAL,FANTASY (UMG),16893,0.06,1903,285,14705,3,1,0,ChRONICLE: THE 20 GREATEST HITS
2/16/2024,45,44,TEDDY SWIMS,WARNER (WMG),16872,0.0,1860,788,14225,-1,1,0,I'VE TRIED EVERYTHING BUT THERAPY (PART 1)
2/16/2024,46,50,LUKE COMBS,RIVER HOUSE/COLUMBIA NASHVILLE (SME),16699,0.08,452,200,16048,4,1,0,THIS ONE'S FOR YOU
2/16/2024,47,45,DRAKE,OVO/REPUBLIC (UMG),16504,0.03,11,20,16474,-2,1,0,CERTIFIED LOVER BOY
2/16/2024,48,46,DRAKE,OVO/REPUBLIC (UMG),16492,0.03,55,27,16410,-2,1,0,HER LOSS
2/16/2024,49,48,QUEEN,HOLLYWOOD (UMG),16269,0.04,2629,282,13359,-1,1,0,GREATEST HITS 1
2/16/2024,50,50,POST MALONE,REPUBLIC (UMG),15850,0.0,151,99,15600,0,1,0,HOLLYWOOD'S BLEEDING
2/5/2016,19,18,FUTURE,,21072,0.03,0,0,0,-1,0,0,
2/12/2016,24,18,FUTURE,,19619,-0.07,0,0,0,-6,1,0,
2/3/2017,35,30,METRO BOOMIN,,10687,-0.04,0,0,0,-5,0,0,
2/10/2017,50,35,METRO BOOMIN,,10292,-0.04,0,0,0,-15,1,0,
2/2/2018,32,23,OFFSET,,13291,-0.19,0,0,0,-9,0,0,
2/2/2018,32,23,METRO BOOMIN,,13291,-0.19,0,0,0,-9,0,0,
2/9/2018,34,32,OFFSET,,14204,0.07,0,0,0,-2,1,0,
2/9/2018,34,32,METRO BOOMIN,,14204,0.07,0,0,0,-2,1,0,
2/1/2019,5,10,BRADLEY COOPER,,39581,0.15,16501,7273,15807,5,0,0,A STAR IS BORN SOUNDTRACK
2/1/2019,19,17,GUNNA,,22864,-0.09,91,635,22137,-2,0,0,DRIP HARDER
2/8/2019,3,5,BRADLEY COOPER,,39878,0.01,20167,4931,14780,2,1,0,A STAR IS BORN SOUNDTRACK
2/8/2019,16,19,GUNNA,,23212,0.02,163,851,22198,3,1,0,DRIP HARDER
1/31/2020,10,14,JACKBOYS,,28192,-0.03,310,351,27531,4,0,0,JACKBOYS
1/31/2020,26,11,J. COLE,,18914,-0.42,384,193,18337,-15,0,0,REVENGE OF THE DREAMERS III
2/7/2020,15,10,JACKBOYS,,25613,-0.09,235,334,25045,-5,1,0,JACKBOYS
2/7/2020,41,26,J. COLE,,15779,-0.17,214,133,15432,-15,1,0,REVENGE OF THE DREAMERS III
2/5/2021,42,35,LIL UZI VERT,,13480,-0.13,26,72,13382,-7,0,0,PLUTO X BABY PLUTO
2/5/2021,47,13,OZUNA,,12308,-0.53,502,136,11671,-34,0,0,LOS DIOSES
2/12/2021,26,26,METRO BOOMIN,,17091,0.0,5231,59,11801,0,1,0,SAVAGE MODE II
2/12/2021,43,42,LIL UZI VERT,,13641,0.01,28,62,13551,-1,1,0,PLUTO X BABY PLUTO
2/11/2022,47,49,ANDERSON .PAAK,,13495,0.03,2470,411,10614,2,0,0,AN EVENING WITH SILK SONIC
2/11/2022,47,49,SILK SONIC,,13495,0.03,2470,411,10614,2,0,0,AN EVENING WITH SILK SONIC
2/18/2022,44,47,ANDERSON .PAAK,,14689,0.09,2874,466,11350,3,1,0,AN EVENING WITH SILK SONIC
2/18/2022,44,47,SILK SONIC,,14689,0.09,2874,466,11350,3,1,0,AN EVENING WITH SILK SONIC
2/10/2023,8,5,21 SAVAGE,,42749,-0.02,279,180,42291,-3,0,0,HER LOSS
2/17/2023,8,8,21 SAVAGE,,39961,-0.07,225,153,39583,0,1,0,HER LOSS
2/9/2024,48,46,21 SAVAGE,,16492,0.03,55,27,16410,-2,0,0,HER LOSS
2/16/2024,48,46,21 SAVAGE,,16492,0.03,55,27,16410,-2,1,0,HER LOSS
