year,rank,song,name,peak,previous,streak,streams,movement
2017,1, Shape of You,Ed Sheeran,1,1,1,10456635,0
2017,2, Bad and Boujee (feat. Lil Uzi Vert),Migos,1,1,1,10243411,1
2017,3, Bounce Back,Big Sean,3,3,3,8704702,0
2017,4, I Don’t Wanna Live Forever (Fifty Shades Darker),ZAYN,4,4,4,7677509,0
2017,5, Paris,The Chainsmokers,4,4,4,6923350,1
2017,6, Fake Love,Drake,1,1,1,6758416,5
2017,7, iSpy (feat. Lil Yachty),KYLE,7,7,7,6002025,0
2017,8, No Favors,Big Sean,8,8,8,5932968,0
2017,9, T-Shirt,Migos,6,6,6,5919933,3
2017,10, Moves,Big Sean,10,10,10,5491621,0
2017,11, Starboy,The Weeknd,3,3,3,5353347,8
2017,12, Caroline,Aminé,6,6,6,4797882,6
2017,13, I Feel It Coming,The Weeknd,10,10,10,4778112,3
2017,14, Bad Things (with Camila Cabello),mgk,7,7,7,4767506,7
2017,15, Closer,The Chainsmokers,4,4,4,4619391,11
2017,16, Say You Won't Let Go,James Arthur,15,15,15,4432962,1
2017,17, Issues,Julia Michaels,17,17,17,4300861,0
2017,18, Black Beatles,Rae Sremmurd,4,4,4,4204072,14
2017,19, X (feat. Future),21 Savage,17,17,17,3854719,2
2017,20, Scared to Be Lonely,Martin Garrix,20,20,20,3832447,0
2017,21, All Time Low,Jon Bellion,18,18,18,3769398,3
2017,22, Congratulations,Post Malone,22,22,22,3744680,0
2017,23, Castle on the Hill,Ed Sheeran,4,4,4,3728837,19
2017,24, Broccoli,DRAM,10,10,10,3668298,14
2017,25, Halfway Off The Balcony,Big Sean,25,25,25,3604941,0
2017,26, Call on Me - Ryan Riback Remix,Starley,24,24,24,3485164,2
2017,27, Sacrifices,Big Sean,27,27,27,3458572,0
2017,28, Jump Out The Window,Big Sean,28,28,28,3434228,0
2017,29, Don't Wanna Know (feat. Kendrick Lamar),Maroon 5,14,14,14,3403751,15
2017,30, How Far I'll Go - Alessia Cara Version,Alessia Cara,20,20,20,3308159,10
2017,31, Swang,Rae Sremmurd,31,31,31,3286089,0
2017,32, Rockabye (feat. Sean Paul & Anne-Marie),Clean Bandit,32,32,32,3244969,0
2017,33, Weak,AJR,30,30,30,3233162,3
2017,34, No Heart,21 Savage,19,19,19,3169384,15
2017,35, Run Up,Major Lazer,26,26,26,3088080,9
2017,36, goosebumps,Travis Scott,36,36,36,3029824,0
2017,37, Kelly Price (feat. Travis Scott),Migos,21,21,21,3020644,16
2017,38, Deja Vu,J. Cole,9,9,9,3008538,29
2017,39, Body Like A Back Road,Sam Hunt,39,39,39,2983102,0
2017,40, 24K Magic,Bruno Mars,13,13,13,2966750,27
2017,41, Both (feat. Drake),Gucci Mane,41,41,41,2932972,0
2017,42, Owe Me,Big Sean,42,42,42,2904029,0
2017,43, Sneakin’,Drake,24,24,24,2896925,19
2017,44, Party Monster,The Weeknd,16,16,16,2884318,28
2017,45, One Dance,Drake,13,13,13,2871909,32
2017,46, Redbone,Childish Gambino,29,29,29,2843405,17
2017,47, Slippery (feat. Gucci Mane),Migos,30,30,30,2802044,17
2017,48, Some Kind Of Drug (feat. Marc E. Bassy),G-Eazy,39,39,39,2780590,9
2017,49, Chill Bill (feat. J. Davi$ & Spooks),Rob $tone,15,15,15,2728410,34
2017,50, Voices In My Head/Stick To The Plan,Big Sean,50,50,50,2630289,0
2017,51, Just Hold On,Steve Aoki,36,36,36,2603388,15
2017,52, Despacito,Luis Fonsi,52,52,52,2588598,0
2017,53, Light,Big Sean,53,53,53,2553309,0
2017,54, Love Me Now,John Legend,36,36,36,2522044,18
2017,55, Side To Side,Ariana Grande,23,23,23,2499403,32
2017,56, Starving,Hailee Steinfeld,18,18,18,2431262,38
2017,57, No Problem (feat. Lil Wayne & 2 Chainz),Chance the Rapper,31,31,31,2387361,26
2017,58, All Night,The Vamps,49,49,49,2380429,9
2017,59, In the Name of Love,Martin Garrix,20,20,20,2377307,39
2017,60, Don't Leave,Snakehips,59,59,59,2372955,1
2017,61, You Was Right,Lil Uzi Vert,28,28,28,2333274,33
2017,62, Call Casting,Migos,29,29,29,2278490,33
2017,63, Chantaje (feat. Maluma),Shakira,52,52,52,2267954,11
2017,64, Bigger Than Me,Big Sean,64,64,64,2246255,0
2017,65, Make Me (Cry),Noah Cyrus,55,55,55,2245375,10
2017,66, Selfish,PnB Rock,47,47,47,2233266,19
2017,67, Heathens,Twenty One Pilots,26,26,26,2231247,41
2017,68, pick up the phone,Young Thug,44,44,44,2218722,24
2017,69, Location,Khalid,69,69,69,2211661,0
2017,70, Get Right Witcha,Migos,33,33,33,2187263,37
2017,71, Let Me Love You,DJ Snake,12,12,12,2179700,59
2017,72, Love On The Brain,Rihanna,53,53,53,2170218,19
2017,73, Used to This (feat. Drake),Future,55,55,55,2103685,18
2017,74, Same Time Pt. 1,Big Sean,74,74,74,2097362,0
2017,75, History,Olivia Holt,75,75,75,2087704,0
2017,76, Water,Ugly God,58,58,58,2057735,18
2017,77, Too Many Years,Kodak Black,64,64,64,2007319,13
2017,78, Six Feet Under,The Weeknd,34,34,34,2002266,44
2017,79, Now and Later,Sage The Gemini,48,48,48,1999733,31
2017,80, Sunset Lover,Petit Biscuit,63,63,63,1998739,17
2017,81, Solo Dance,Martin Jensen,76,76,76,1993143,5
2017,82, Million Reasons,Lady Gaga,82,82,82,1982144,0
2017,83, That's What I Like,Bruno Mars,83,83,83,1979877,0
2017,84, Sunday Morning Jetpack,Big Sean,84,84,84,1976237,0
2017,85, Mercy,Shawn Mendes,30,30,30,1945728,55
2017,86, White Iverson,Post Malone,81,81,81,1934602,5
2017,87, Low Life (feat. The Weeknd),Future,59,59,59,1926601,28
2017,88, Controlla,Drake,41,41,41,1907634,47
2017,89, Light,San Holo,72,72,72,1892080,17
2017,90, Erase Your Social,Lil Uzi Vert,76,76,76,1889913,14
2017,91, Needed Me,Rihanna,45,45,45,1864911,46
2017,92, Too Good,Drake,38,38,38,1863328,54
2017,93, No Role Modelz,J. Cole,65,65,65,1851661,28
2017,94, I Got You,Bebe Rexha,79,79,79,1850234,15
2017,95, Sidewalks,The Weeknd,43,43,43,1840815,52
2017,96, Gassed Up,Nebu Kiniza,77,77,77,1834764,19
2017,97, Believer,Imagine Dragons,97,97,97,1831744,0
2017,98, Wyclef Jean,Young Thug,98,98,98,1818349,0
2017,99, Scars To Your Beautiful,Alessia Cara,33,33,33,1818000,66
2017,100, Water Under the Bridge,Adele,74,74,74,1801020,26
2017,101, Inspire Me,Big Sean,101,101,101,1792708,0
2017,102, Cake - Challenge Version,Flo Rida,92,92,92,1786125,10
2017,103, Look at Me!,XXXTENTACION,103,103,103,1779340,0
2017,104, Don't Let Me Down,The Chainsmokers,43,43,43,1773111,61
2017,105, Come and See Me (feat. Drake),PARTYNEXTDOOR,81,81,81,1748167,24
2017,106, The Other,Lauv,106,106,106,1743581,0
2017,107, Down,Marian Hill,107,107,107,1734722,0
2017,108, Money Longer,Lil Uzi Vert,73,73,73,1725142,35
2017,109, Cold Water,Major Lazer,39,39,39,1723393,70
2017,110, Not Going Home (feat. Gia Koka),DVBBS,71,71,71,1722113,39
2017,111, Panda,Desiigner,54,54,54,1719061,57
2017,112, Brown Paper Bag,Migos,64,64,64,1703855,48
2017,113, All We Know,The Chainsmokers,29,29,29,1702088,84
2017,114, Romantic - NOTD Remix,Stanaj,112,112,112,1701169,2
2017,115, Neighbors,J. Cole,27,27,27,1680294,88
2017,116, Don't,Bryson Tiller,82,82,82,1660878,34
2017,117, Litty (feat. Tory Lanez),Meek Mill,97,97,97,1640197,20
2017,118, No Flockin',Kodak Black,90,90,90,1636096,28
2017,119," Sucker for Pain (with Wiz Khalifa, Imagine Dragons, Logic & Ty Dolla $ign feat. X Ambassadors)",Lil Wayne,61,61,61,1633164,58
2017,120, Lighthouse - Andrelli Remix,Hearts & Colors,86,86,86,1630808,34
2017,121, Lot to Learn,Luke Christopher,96,96,96,1629737,25
2017,122, Oceans Away,A R I Z O N A,107,107,107,1629675,15
2017,123, Exchange,Bryson Tiller,84,84,84,1615276,39
2017,124, OOOUUU,Young M.A,27,27,27,1585510,97
2017,125, Ride,Twenty One Pilots,65,65,65,1575843,60
2017,126, It's Gotta Be You,Isaiah Firebrace,110,110,110,1573404,16
2017,127, Treat You Better,Shawn Mendes,47,47,47,1568892,80
2017,128, Setting Fires,The Chainsmokers,70,70,70,1568580,58
2017,129, I Would Like,Zara Larsson,95,95,95,1538909,34
2017,130, Deja Vu,Post Malone,106,106,106,1512526,24
2017,131, Party (feat. Usher & Gucci Mane),Chris Brown,117,117,117,1506787,14
2017,132, beibs in the trap,Travis Scott,132,132,132,1500837,0
2017,133, Too Much Sauce (feat. Future & Lil Uzi Vert),DJ ESCO,95,95,95,1495186,38
2017,134, Shed a Light,Robin Schulz,100,100,100,1479954,34
2017,135, Sooner Or Later,Aaron Carter,135,135,135,1476294,0
2017,136, Intro,Big Sean,136,136,136,1472791,0
2017,137, Go Flex,Post Malone,137,137,137,1470432,0
2017,138," CAN'T STOP THE FEELING! (from DreamWorks Animation's ""TROLLS"")",Justin Timberlake,56,56,56,1462256,82
2017,139, Running Back (feat. Lil Wayne),Wale,109,109,109,1459311,30
2017,140, Timeless (feat. DJ SPINKING),A Boogie Wit da Hoodie,125,125,125,1455167,15
2017,141," i hate u, i love u (feat. olivia o'brien)",gnash,77,77,77,1449116,64
2017,142, Good Drank,2 Chainz,131,131,131,1440861,11
2017,143, Jumpman,Drake,73,73,73,1421422,70
2017,144, Stressed Out,Twenty One Pilots,92,92,92,1419015,52
2017,145, Die For You,The Weeknd,74,74,74,1413979,71
2017,146, Reminder,The Weeknd,53,53,53,1411184,93
2017,147, Work from Home (feat. Ty Dolla $ign),Fifth Harmony,52,52,52,1409717,95
2017,148, This Town,Niall Horan,112,112,112,1386272,36
2017,149, Hear Me Now,Alok,112,112,112,1368527,37
2017,150, Death of a Bachelor,Panic! At The Disco,127,127,127,1350627,23
2017,151, One Night,Lil Yachty,81,81,81,1347770,70
2017,152, I Miss You (feat. Bahari),Grey,152,152,152,1343082,0
2017,153, Thumbs,Sabrina Carpenter,153,153,153,1339640,0
2017,154, First Day Out,Tee Grizzley,154,154,154,1333815,0
2017,155, Immortal,J. Cole,31,31,31,1317983,124
2017,156, Losin Control,Russ,156,156,156,1313943,0
2017,157, Blue Ain't Your Color,Keith Urban,139,139,139,1306402,18
2017,158, Somebody Else,VÉRITÉ,130,130,130,1300047,28
2017,159, Steady 1234 (feat. Jasmine Thompson & Skizzy Mars),Vice,105,105,105,1297031,54
2017,160, Work,Rihanna,57,57,57,1267709,103
2017,161, Into You,Ariana Grande,63,63,63,1266379,98
2017,162, The Hills,The Weeknd,121,121,121,1259787,41
2017,163," Me, Myself & I",G-Eazy,103,103,103,1257446,60
2017,164, I Took A Pill In Ibiza - Seeb Remix,Mike Posner,102,102,102,1256548,62
2017,165, Culture (feat. DJ Khaled),Migos,62,62,62,1254223,103
2017,166, What They Want,Russ,132,132,132,1251262,34
2017,167, My Shit,A Boogie Wit da Hoodie,82,82,82,1248492,85
2017,168, Father Stretch My Hands Pt. 1,Kanye West,115,115,115,1231904,53
2017,169, Till I Collapse,Eminem,155,155,155,1230406,14
2017,170, Magic,Thomas Gold,170,170,170,1213765,0
2017,171, Skateboard P (Mixtape),MadeinTYO,167,167,167,1208871,4
2017,172, Thinking out Loud,Ed Sheeran,108,108,108,1199853,64
2017,173, Lose Yourself,Eminem,162,162,162,1175508,11
2017,174, oui,Jeremih,154,154,154,1172736,20
2017,175, This Is What You Came For,Calvin Harris,71,71,71,1168911,104
2017,176, Wet Dreamz,J. Cole,166,166,166,1167381,10
2017,177, Still Here,Drake,145,145,145,1161515,32
2017,178, There He Go,Kodak Black,151,151,151,1153024,27
2017,179, Ophelia,The Lumineers,161,161,161,1141690,18
2017,180, PRBLMS,6LACK,180,180,180,1140338,0
2017,181, Rolex,Ayo & Teo,181,181,181,1140219,0
2017,182, Photograph,Ed Sheeran,91,91,91,1138843,91
2017,183, We Don't Talk Anymore (feat. Selena Gomez),Charlie Puth,96,96,96,1130998,87
2017,184, Taped Up Heart (feat. Clara Mae),KREAM,151,151,151,1123736,33
2017,185, Never Be Like You (feat. Kai),Flume,84,84,84,1121544,101
2017,186, Pop Style,Drake,123,123,123,1119679,63
2017,187, Rap God,Eminem,179,179,179,1114704,8
2017,188, Let It Go,James Bay,184,184,184,1111594,4
2017,189, Juke Jam (feat. Justin Bieber & Towkio),Chance the Rapper,187,187,187,1110872,2
2017,190, Capsize,FRENSHIP,135,135,135,1109037,55
2017,191, True Colors,The Weeknd,112,112,112,1100814,79
2017,192, PILLOWTALK,ZAYN,124,124,124,1097656,68
2017,193, 7 Years,Lukas Graham,134,134,134,1096918,59
2017,194, Roses,The Chainsmokers,128,128,128,1094312,66
2017,195, Antidote,Travis Scott,179,179,179,1090327,16
2017,196, Dirt On My Boots,Jon Pardi,196,196,196,1084808,0
2017,197," Crazy Brazy (feat. A$AP Rocky, A$AP Twelvyy & Key!)",A$AP Mob,167,167,167,1078297,30
2017,198, Juju on That Beat (TZ Anthem),Zay Hilfigerrr,60,60,60,1077595,138
2017,199, Famous,Kanye West,139,139,139,1075055,60
2017,200, What the Price,Migos,69,69,69,1074463,131
2018,1, God's Plan,Drake,1,1,1,24209854,0
2018,2, Stir Fry,Migos,2,2,2,9236997,0
2018,3, Pray For Me,The Weeknd,3,3,3,8001628,0
2018,4, Mine,Bazzi,4,4,4,7781736,0
2018,5, rockstar (feat. 21 Savage),Post Malone,1,1,1,7700941,4
2018,6, Finesse - Remix; (feat. Cardi B),Bruno Mars,2,2,2,7065926,4
2018,7, Narcos,Migos,3,3,3,6699402,4
2018,8, The Middle,Zedd,8,8,8,6689374,0
2018,9, I Fall Apart,Post Malone,2,2,2,6669431,7
2018,10, All The Stars (with SZA),Kendrick Lamar,7,7,7,6137052,3
2018,11, Ric Flair Drip (with Metro Boomin),Offset,4,4,4,5971770,7
2018,12, Bartier Cardi (feat. 21 Savage),Cardi B,4,4,4,5876902,8
2018,13, LOVE. FEAT. ZACARI.,Kendrick Lamar,5,5,5,5382911,8
2018,14, Havana (feat. Young Thug),Camila Cabello,2,2,2,5369885,12
2018,15, Never Be the Same,Camila Cabello,5,5,5,5340354,10
2018,16, Say Something (feat. Chris Stapleton),Justin Timberlake,16,16,16,5259718,0
2018,17, No Limit,G-Eazy,2,2,2,5153127,15
2018,18, PICK IT UP (feat. A$AP Rocky),Famous Dex,14,14,14,5104068,4
2018,19, Let You Down,NF,11,11,11,4925603,8
2018,20, MotorSport,Migos,9,9,9,4883906,11
2018,21, Meant to Be (feat. Florida Georgia Line),Bebe Rexha,18,18,18,4709982,3
2018,22, Sky Walker (feat. Travis Scott),Miguel,22,22,22,4598997,0
2018,23, Him & I (with Halsey),G-Eazy,5,5,5,4525060,18
2018,24, XO Tour Llif3,Lil Uzi Vert,2,2,2,4452291,22
2018,25, Betrayed,Lil Xan,25,25,25,4437854,0
2018,26, Candy Paint,Post Malone,4,4,4,4360439,22
2018,27, Codeine Dreaming (feat. Lil Wayne),Kodak Black,11,11,11,4321046,16
2018,28, IDGAF,Dua Lipa,28,28,28,4270569,0
2018,29, Plain Jane,A$AP Ferg,8,8,8,4155279,21
2018,30, Walk It Talk It,Migos,6,6,6,4129949,24
2018,31, HUMBLE.,Kendrick Lamar,1,1,1,4118953,30
2018,32," Let Me Go (feat. Alesso, Florida Georgia Line & watt)",Hailee Steinfeld,19,19,19,3956348,13
2018,33, Bank Account,21 Savage,1,1,1,3868968,32
2018,34, Congratulations,Post Malone,5,5,5,3800805,29
2018,35, Young Dumb & Broke,Khalid,6,6,6,3738024,29
2018,36, River (feat. Ed Sheeran),Eminem,2,2,2,3662837,34
2018,37," King's Dead (with Kendrick Lamar, Future & James Blake)",Jay Rock,37,37,37,3642164,0
2018,38, Nowadays (feat. Landon Cube),Lil Skies,38,38,38,3556762,0
2018,39, Perfect,Ed Sheeran,13,13,13,3551956,26
2018,40, Rewrite The Stars,Zac Efron,22,22,22,3536101,18
2018,41, Sick Boy,The Chainsmokers,21,21,21,3486473,20
2018,42, Filthy,Justin Timberlake,14,14,14,3427778,28
2018,43, 1-800-273-8255,Logic,1,1,1,3337594,42
2018,44, Bodak Yellow,Cardi B,3,3,3,3324814,41
2018,45, Diplomatic Immunity,Drake,3,3,3,3310808,42
2018,46, I Get the Bag (feat. Migos),Gucci Mane,7,7,7,3295805,39
2018,47, New Rules,Dua Lipa,20,20,20,3295444,27
2018,48, BBO (Bad Bitches Only),Migos,13,13,13,3157497,35
2018,49, Gucci Gang,Lil Pump,2,2,2,3144714,47
2018,50, Wanted You (feat. Lil Uzi Vert),NAV,28,28,28,3120775,22
2018,51, Notice Me,Migos,23,23,23,3102110,28
2018,52, Too Good At Goodbyes,Sam Smith,2,2,2,3062445,50
2018,53, Location,Khalid,9,9,9,3031889,44
2018,54, Roll in Peace (feat. XXXTENTACION),Kodak Black,24,24,24,3020382,30
2018,55, This Is Me,Keala Settle,42,42,42,3017255,13
2018,56, Wolves,Selena Gomez,5,5,5,2958544,51
2018,57, goosebumps,Travis Scott,16,16,16,2941731,41
2018,58, Jocelyn Flores,XXXTENTACION,3,3,3,2871104,55
2018,59, Thunder,Imagine Dragons,21,21,21,2782235,38
2018,60, BUTTERFLY EFFECT,Travis Scott,9,9,9,2780733,51
2018,61," These Days (feat. Jess Glynne, Macklemore & Dan Caplen)",Rudimental,61,61,61,2727406,0
2018,62, Bounce Out With That,YBN Nahmir,62,62,62,2722172,0
2018,63, Tell Me You Love Me,Demi Lovato,38,38,38,2696811,25
2018,64, Silence,Marshmello,10,10,10,2687637,54
2018,65, Fuck Love,XXXTENTACION,8,8,8,2672655,57
2018,66, New Freezer (feat. Kendrick Lamar),Rich The Kid,66,66,66,2660826,0
2018,67, KEKE,6ix9ine,47,47,47,2618213,20
2018,68, The Way Life Goes (feat. Oh Wonder),Lil Uzi Vert,8,8,8,2612753,60
2018,69, Red Roses (feat. Landon Cube),Lil Skies,64,64,64,2608659,5
2018,70, Unforgettable,French Montana,1,1,1,2600110,69
2018,71, DNA.,Kendrick Lamar,2,2,2,2561213,69
2018,72, Man of the Woods,Justin Timberlake,72,72,72,2521941,0
2018,73, Bad At Love,Halsey,25,25,25,2472438,48
2018,74, Sorry Not Sorry,Demi Lovato,9,9,9,2469467,65
2018,75, Rubbin off the Paint,YBN Nahmir,51,51,51,2461071,24
2018,76, Gang Gang,Migos,34,34,34,2438552,42
2018,77, End Game,Taylor Swift,29,29,29,2368772,48
2018,78, Redbone,Childish Gambino,9,9,9,2367094,69
2018,79, Slippery (feat. Gucci Mane),Migos,21,21,21,2334341,58
2018,80, Drowning (feat. Kodak Black),A Boogie Wit da Hoodie,21,21,21,2333905,59
2018,81, She Loves Control,Camila Cabello,81,81,81,2328173,0
2018,82, What Lovers Do (feat. SZA),Maroon 5,9,9,9,2224124,73
2018,83, Shape of You,Ed Sheeran,1,1,1,2201067,82
2018,84, Go Flex,Post Malone,24,24,24,2195769,60
2018,85, I Miss You (feat. Julia Michaels),Clean Bandit,57,57,57,2166506,28
2018,86, Feel It Still,Portugal. The Man,17,17,17,2126079,69
2018,87, Love Galore (feat. Travis Scott),SZA,24,24,24,2111069,63
2018,88, Supplies,Justin Timberlake,88,88,88,2110903,0
2018,89, Believer,Imagine Dragons,11,11,11,2103150,78
2018,90, Miss You (with Major Lazer & Tory Lanez),Cashmere Cat,81,81,81,2090506,9
2018,91, GUMMO,6ix9ine,52,52,52,2083638,39
2018,92, Échame La Culpa,Luis Fonsi,52,52,52,1996482,40
2018,93, Rake It Up (feat. Nicki Minaj),Yo Gotti,21,21,21,1979936,72
2018,94, Ice Tray,Quality Control,75,75,75,1956534,19
2018,95, What Ifs (feat. Lauren Alaina),Kane Brown,50,50,50,1949667,45
2018,96, The Greatest Show,Hugh Jackman,72,72,72,1926839,24
2018,97, Capital Letters,Hailee Steinfeld,97,97,97,1912866,0
2018,98, The Weekend - Funk Wav Remix,SZA,98,98,98,1892016,0
2018,99, White Iverson,Post Malone,66,66,66,1869038,33
2018,100, Losin Control,Russ,75,75,75,1868510,25
2018,101, Mask Off,Future,2,2,2,1859730,99
2018,102, Praying,Kesha,17,17,17,1841493,85
2018,103, Passionfruit,Drake,1,1,1,1839150,102
2018,104, Magnolia,Playboi Carti,12,12,12,1836371,92
2018,105, Attention (feat. Offset),Rich Brian,105,105,105,1826936,0
2018,106, A Million Dreams,Ziv Zaifman,79,79,79,1802207,27
2018,107, Ghostface Killers (feat. Travis Scott),21 Savage,8,8,8,1799414,99
2018,108, Say You Won't Let Go,James Arthur,15,15,15,1795802,93
2018,109, Marry Me,Thomas Rhett,90,90,90,1794331,19
2018,110, Never Enough,Loren Allred,81,81,81,1790366,29
2018,111, My My My!,Troye Sivan,17,17,17,1787801,94
2018,112, That's What I Like,Bruno Mars,3,3,3,1777787,109
2018,113, Everybody Dies In Their Nightmares,XXXTENTACION,15,15,15,1755992,98
2018,114, Dark Knight Dummo (feat. Travis Scott),Trippie Redd,63,63,63,1754769,51
2018,115, Perfect Duet (Ed Sheeran & Beyoncé),Ed Sheeran,5,5,5,1745258,110
2018,116, Attention,Charlie Puth,16,16,16,1742964,100
2018,117, Relationship (feat. Future),Young Thug,55,55,55,1738552,62
2018,118, Bounce Back,Big Sean,3,3,3,1738145,115
2018,119, Greatest Love Story,LANCO,119,119,119,1728204,0
2018,120, Body Like A Back Road,Sam Hunt,15,15,15,1728144,105
2018,121, How Long,Charlie Puth,39,39,39,1724386,82
2018,122, It's A Vibe,2 Chainz,41,41,41,1724005,81
2018,123, Sauce It Up,Lil Uzi Vert,23,23,23,1708547,100
2018,124, Crew (feat. Brent Faiyaz & Shy Glizzy),GoldLink,113,113,113,1702558,11
2018,125, Fake Love,Drake,1,1,1,1690408,124
2018,126, iSpy (feat. Lil Yachty),KYLE,2,2,2,1687195,124
2018,127, The Other Side,Hugh Jackman,90,90,90,1685014,37
2018,128, The Weekend,SZA,90,90,90,1684278,38
2018,129, LOYALTY. FEAT. RIHANNA.,Kendrick Lamar,4,4,4,1683862,125
2018,130, No Role Modelz,J. Cole,65,65,65,1677675,65
2018,131, Strip That Down (feat. Quavo),Liam Payne,13,13,13,1671726,118
2018,132, I Like Me Better,Lauv,30,30,30,1658768,102
2018,133, Spotlight,Marshmello,60,60,60,1657711,73
2018,134, Bad and Boujee (feat. Lil Uzi Vert),Migos,1,1,1,1657217,133
2018,135, Unforgettable,Thomas Rhett,38,38,38,1643975,97
2018,136, Tip Toe (feat. French Montana),Jason Derulo,91,91,91,1628204,45
2018,137, Midnight Summer Jam,Justin Timberlake,137,137,137,1624482,0
2018,138, Designer,Lil Pump,64,64,64,1623863,74
2018,139, You Make It Easy,Jason Aldean,101,101,101,1623381,38
2018,140, do re mi,blackbear,30,30,30,1622176,110
2018,141, Dreams and Nightmares,Meek Mill,141,141,141,1621023,0
2018,142, White Sand,Migos,38,38,38,1619980,104
2018,143, Transportin',Kodak Black,37,37,37,1614860,106
2018,144, Saint,Huncho Jack,33,33,33,1607696,111
2018,145, Morning Light (feat. Alicia Keys),Justin Timberlake,145,145,145,1602223,0
2018,146, Sober Up (feat. Rivers Cuomo),AJR,146,146,146,1593539,0
2018,147, Tunnel Vision,Kodak Black,5,5,5,1588774,142
2018,148, Supastars,Migos,37,37,37,1588643,111
2018,149, For You (With Rita Ora),Liam Payne,89,89,89,1566085,60
2018,150, Despacito - Remix,Luis Fonsi,1,1,1,1564759,149
2018,151, Love Scars,Trippie Redd,137,137,137,1553641,14
2018,152, The Race,Tay-K,35,35,35,1550734,117
2018,153, Higher Higher,Justin Timberlake,153,153,153,1550184,0
2018,154," I'm the One (feat. Justin Bieber, Quavo, Chance the Rapper & Lil Wayne)",DJ Khaled,2,2,2,1540664,152
2018,155, Wait (feat. A Boogie Wit da Hoodie),Maroon 5,53,53,53,1509183,102
2018,156, Sauce,Justin Timberlake,156,156,156,1498621,0
2018,157, Heaven,Kane Brown,157,157,157,1493806,0
2018,158, Dusk Till Dawn (feat. Sia) - Radio Edit,ZAYN,15,15,15,1490917,143
2018,159, Wait,Maroon 5,53,53,53,1490064,106
2018,160, Don't,Bryson Tiller,82,82,82,1476424,78
2018,161, Yours,Russell Dickerson,161,161,161,1472569,0
2018,162, Mi Gente,J Balvin,8,8,8,1465761,154
2018,163, PRBLMS,6LACK,101,101,101,1461717,62
2018,164, Sensualidad,Bad Bunny,92,92,92,1453802,72
2018,165, Die For You,The Weeknd,74,74,74,1450830,91
2018,166, One Dance,Drake,13,13,13,1447555,153
2018,167, Closer,The Chainsmokers,4,4,4,1445168,163
2018,168, T-Shirt,Migos,6,6,6,1443804,162
2018,169, Issues,Julia Michaels,11,11,11,1440076,158
2018,170, Something Just Like This,The Chainsmokers,2,2,2,1435508,168
2018,171, 20 Min,Lil Uzi Vert,120,120,120,1435494,51
2018,172, In Case You Didn't Know,Brett Young,102,102,102,1434710,70
2018,173, wokeuplikethis*,Playboi Carti,54,54,54,1430925,119
2018,174, Starboy,The Weeknd,3,3,3,1430001,171
2018,175, Exchange,Bryson Tiller,84,84,84,1424888,91
2018,176, When It Rains It Pours,Luke Combs,123,123,123,1408016,53
2018,177," Pills & Automobiles (feat. Yo Gotti, A Boogie Wit Da Hoodie & Kodak Black)",Chris Brown,78,78,78,1400387,99
2018,178, Portland,Drake,2,2,2,1397290,176
2018,179, Written in the Sand,Old Dominion,179,179,179,1387688,0
2018,180, Outside Today,YoungBoy Never Broke Again,180,180,180,1371947,0
2018,181, Money Longer,Lil Uzi Vert,73,73,73,1368376,108
2018,182, Till I Collapse,Eminem,152,152,152,1366678,30
2018,183, Dura,Daddy Yankee,183,183,183,1364867,0
2018,184, Slow Hands,Niall Horan,28,28,28,1364053,156
2018,185, So Far Away (feat. Jamie Scott & Romy Dya),Martin Garrix,109,109,109,1361771,76
2018,186, Come Alive,Hugh Jackman,132,132,132,1360392,54
2018,187, La Modelo,Ozuna,117,117,117,1359854,70
2018,188, Criminal,NATTI NATASHA,187,187,187,1359692,1
2018,189, Look At Me!,XXXTENTACION,26,26,26,1353336,163
2018,190, Saved,Khalid,120,120,120,1351268,70
2018,191, Lust,Lil Skies,150,150,150,1348286,41
2018,192, Glow Like Dat,Rich Brian,192,192,192,1342690,0
2018,193, Heartache On The Dance Floor,Jon Pardi,117,117,117,1342124,76
2018,194, KOODA,6ix9ine,90,90,90,1337531,104
2018,195, Real Friends,Camila Cabello,37,37,37,1337453,158
2018,196, Lemon,N.E.R.D,63,63,63,1334485,133
2018,197, Dubai Shit,Huncho Jack,26,26,26,1333929,171
2018,198, Poles 1469,Trippie Redd,162,162,162,1328318,36
2018,199, Wave,Justin Timberlake,199,199,199,1323098,0
2018,200, Wild Thoughts (feat. Rihanna & Bryson Tiller),DJ Khaled,2,2,2,1316111,198
2019,1, 7 rings,Ariana Grande,1,1,1,17629417,0
2019,2, MIDDLE CHILD,J. Cole,1,1,1,14373237,1
2019,3, bury a friend,Billie Eilish,3,3,3,12554729,0
2019,4, Wow.,Post Malone,2,2,2,12371683,2
2019,5, Sunflower - Spider-Man: Into the Spider-Verse,Post Malone,1,1,1,12050952,4
2019,6, Going Bad (feat. Drake),Meek Mill,2,2,2,8918819,4
2019,7, a lot,21 Savage,7,7,7,8472803,0
2019,8, SICKO MODE,Travis Scott,1,1,1,7809308,7
2019,9, Drip Too Hard (Lil Baby & Gunna),Lil Baby,1,1,1,7682382,8
2019,10, Look Back at It,A Boogie Wit da Hoodie,9,9,9,7677329,1
2019,11, Thotiana,Blueface,11,11,11,7344847,0
2019,12, Without Me,Halsey,5,5,5,7209627,7
2019,13, Happier,Marshmello,8,8,8,6640943,5
2019,14," thank u, next",Ariana Grande,1,1,1,6461526,13
2019,15, ZEZE (feat. Travis Scott & Offset),Kodak Black,1,1,1,6361669,14
2019,16, Mo Bamba,Sheck Wes,1,1,1,6047127,15
2019,17, Dancing With A Stranger (with Normani),Sam Smith,12,12,12,5856069,5
2019,18, Keanu Reeves,Logic,13,13,13,5369783,5
2019,19, Saturday Nights,Khalid,14,14,14,5331381,5
2019,20, Leave Me Alone,Flipp Dinero,10,10,10,5228537,10
2019,21, Nights Like This (feat. Ty Dolla $ign),Kehlani,21,21,21,5141519,0
2019,22, Wake Up in the Sky,Gucci Mane,6,6,6,5111560,16
2019,23, i'm so tired...,Lauv,23,23,23,4812021,0
2019,24, Lucid Dreams,Juice WRLD,1,1,1,4768152,23
2019,25, SAD!,XXXTENTACION,1,1,1,4695842,24
2019,26, when the party's over,Billie Eilish,12,12,12,4662338,14
2019,27, Swervin (feat. 6ix9ine),A Boogie Wit da Hoodie,27,27,27,4575783,0
2019,28, Better Now,Post Malone,1,1,1,4540171,27
2019,29, Armed And Dangerous,Juice WRLD,9,9,9,4486693,20
2019,30, Splashin,Rich The Kid,30,30,30,4444881,0
2019,31, Money,Cardi B,17,17,17,4420447,14
2019,32, Startender (feat. Offset and Tyga),A Boogie Wit da Hoodie,17,17,17,4399111,15
2019,33, High Hopes,Panic! At The Disco,13,13,13,4365653,20
2019,34, Eastside (with Halsey & Khalid),benny blanco,10,10,10,4246310,24
2019,35, Better,Khalid,9,9,9,4194082,26
2019,36, Moonlight,XXXTENTACION,3,3,3,3972482,33
2019,37, lovely (with Khalid),Billie Eilish,24,24,24,3924346,13
2019,38, One Call,Gunna,38,38,38,3882313,0
2019,39, Space Cadet (feat. Gunna),Metro Boomin,20,20,20,3821697,19
2019,40, Hope,The Chainsmokers,40,40,40,3813062,0
2019,41, MIA,Bad Bunny,2,2,2,3751071,39
2019,42, Pure Water (with Migos),Mustard,42,42,42,3737381,0
2019,43, First Off (feat. Travis Scott),Future,17,17,17,3722409,26
2019,44, Taste (feat. Offset),Tyga,4,4,4,3566021,40
2019,45, Shallow,Lady Gaga,11,11,11,3404544,34
2019,46, Jocelyn Flores,XXXTENTACION,3,3,3,3391855,43
2019,47, rockstar (feat. 21 Savage),Post Malone,1,1,1,3298741,46
2019,48, idontwannabeyouanymore,Billie Eilish,48,48,48,3242721,0
2019,49, Let Me Down Slowly,Alec Benjamin,49,49,49,3186940,0
2019,50, Crushed Up,Future,20,20,20,3179802,30
2019,51, Nonstop,Drake,1,1,1,3151656,50
2019,52, Pure Cocaine,Lil Baby,52,52,52,3134323,0
2019,53, YOSEMITE,Travis Scott,7,7,7,3117327,46
2019,54, Calling My Spirit,Kodak Black,31,31,31,3105218,23
2019,55, Sweet but Psycho,Ava Max,36,36,36,3078080,19
2019,56, Noticed,Lil Mosey,20,20,20,3038842,36
2019,57, Roses (feat. Juice WRLD & Brendon Urie),benny blanco,46,46,46,3029933,11
2019,58, Nuketown (feat. Juice WRLD),Ski Mask The Slump God,18,18,18,3008531,40
2019,59, Racks on Racks,Lil Pump,59,59,59,2998899,0
2019,60, I Like It,Cardi B,3,3,3,2931694,57
2019,61, whoa (mind in awe),XXXTENTACION,2,2,2,2909639,59
2019,62," Taki Taki (with Selena Gomez, Ozuna & Cardi B)",DJ Snake,7,7,7,2906973,55
2019,63, Yes Indeed,Lil Baby,2,2,2,2897502,61
2019,64, Lost in the Fire (feat. The Weeknd),Gesaffelstein,7,7,7,2872821,57
2019,65, Close To Me (with Diplo) (feat. Swae Lee),Ellie Goulding,33,33,33,2869910,32
2019,66, Sauce!,XXXTENTACION,28,28,28,2845866,38
2019,67, I Fall Apart,Post Malone,2,2,2,2844720,65
2019,68, Envy Me,Calboy,68,68,68,2815532,0
2019,69, Psycho (feat. Ty Dolla $ign),Post Malone,2,2,2,2795787,67
2019,70, No Stylist (feat. Drake),French Montana,21,21,21,2780972,49
2019,71, monster,21 Savage,16,16,16,2754998,55
2019,72, Fuck Love,XXXTENTACION,8,8,8,2749732,64
2019,73, KIKA (feat. Tory Lanez),6ix9ine,9,9,9,2744416,64
2019,74, Murder on My Mind,YNW Melly,74,74,74,2716551,0
2019,75, Fine China,Future,6,6,6,2713857,69
2019,76, imagine,Ariana Grande,7,7,7,2649057,69
2019,77, Beautiful (feat. Camila Cabello),Bazzi,30,30,30,2647624,47
2019,78, God's Plan,Drake,1,1,1,2644638,77
2019,79, Youngblood,5 Seconds of Summer,17,17,17,2643564,62
2019,80, BAD!,XXXTENTACION,2,2,2,2641764,78
2019,81, Best Part (feat. H.E.R.),Daniel Caesar,71,71,71,2630070,10
2019,82, Faucet Failure,Ski Mask The Slump God,68,68,68,2621688,14
2019,83, 10 Freaky Girls (with 21 Savage),Metro Boomin,11,11,11,2609942,72
2019,84," Never Recover (Lil Baby & Gunna, Drake)",Lil Baby,3,3,3,2579089,81
2019,85, bellyache,Billie Eilish,49,49,49,2562361,36
2019,86, Be Alright,Dean Lewis,31,31,31,2556316,55
2019,87, FEFE (feat. Nicki Minaj & Murda Beatz),6ix9ine,2,2,2,2532268,85
2019,88, All Girls Are The Same,Juice WRLD,13,13,13,2528633,75
2019,89, Ric Flair Drip (with Metro Boomin),Offset,4,4,4,2500336,85
2019,90, Look Alive (feat. Drake),BlocBoy JB,3,3,3,2484675,87
2019,91, Girls Like You (feat. Cardi B) - Cardi B Version,Maroon 5,8,8,8,2479613,83
2019,92, ocean eyes,Billie Eilish,78,78,78,2473382,14
2019,93, Nothing Breaks Like a Heart (feat. Miley Cyrus),Mark Ronson,36,36,36,2452230,57
2019,94, changes,XXXTENTACION,7,7,7,2449999,87
2019,95, Bleed It,Blueface,95,95,95,2445246,0
2019,96, I Like Me Better,Lauv,30,30,30,2396419,66
2019,97, no tears left to cry,Ariana Grande,9,9,9,2376923,88
2019,98, Mixed Personalities (feat. Kanye West),YNW Melly,95,95,95,2353679,3
2019,99," Swan Song - From the Motion Picture ""Alita: Battle Angel""",Dua Lipa,42,42,42,2348011,57
2019,100, Bohemian Rhapsody - Remastered 2011,Queen,42,42,42,2334163,58
2019,101, Arms Around You (feat. Maluma & Swae Lee),XXXTENTACION,6,6,6,2333438,95
2019,102, Lie To Me (feat. Julia Michaels),5 Seconds of Summer,102,102,102,2330411,0
2019,103, Secreto,Anuel AA,96,96,96,2325287,7
2019,104, This Feeling,The Chainsmokers,25,25,25,2304601,79
2019,105, Congratulations,Post Malone,5,5,5,2282630,100
2019,106, breathin,Ariana Grande,5,5,5,2267170,101
2019,107, XO Tour Llif3,Lil Uzi Vert,2,2,2,2219041,105
2019,108, Topanga,Trippie Redd,11,11,11,2210985,97
2019,109, goosebumps,Travis Scott,16,16,16,2205352,93
2019,110, Lean Wit Me,Juice WRLD,28,28,28,2194117,82
2019,111, Demons and Angels (feat. Juice WRLD),A Boogie Wit da Hoodie,54,54,54,2189610,57
2019,112, Love Lies (with Normani),Khalid,9,9,9,2177706,103
2019,113, Falling Down - Bonus Track,Lil Peep,1,1,1,2168913,112
2019,114, Meant to Be (feat. Florida Georgia Line),Bebe Rexha,16,16,16,2148913,98
2019,115, 1400 / 999 Freestyle (feat. Juice WRLD),Trippie Redd,23,23,23,2141970,92
2019,116, In My Feelings,Drake,1,1,1,2140550,115
2019,117, Speechless,Dan + Shay,85,85,85,2108840,32
2019,118," BIG BANK (feat. 2 Chainz, Big Sean, Nicki Minaj)",YG,24,24,24,2108288,94
2019,119, Giant (with Rag'n'Bone Man),Calvin Harris,48,48,48,2093266,71
2019,120, Everybody Dies In Their Nightmares,XXXTENTACION,15,15,15,2091865,105
2019,121, Trip,Ella Mai,39,39,39,2082273,82
2019,122, Butterfly Doors,Lil Pump,38,38,38,2071783,84
2019,123, can't leave without it,21 Savage,45,45,45,2053460,78
2019,124, STARGAZING,Travis Scott,3,3,3,2010117,121
2019,125, Calma - Remix,Pedro Capó,114,114,114,2007726,11
2019,126, Mine,Bazzi,4,4,4,2004651,122
2019,127, TAlk tO Me (feat. Rich The Kid & Lil Wayne) - Remix,Tory Lanez,127,127,127,1998374,0
2019,128, Twerk (feat. Cardi B),City Girls,128,128,128,1992994,0
2019,129, Nice For What,Drake,1,1,1,1978758,128
2019,130, Young Dumb & Broke,Khalid,6,6,6,1964147,124
2019,131, Undecided,Chris Brown,127,127,127,1963535,4
2019,132, Silence,Marshmello,10,10,10,1961719,122
2019,133, SLOW DANCING IN THE DARK,Joji,29,29,29,1953287,104
2019,134, Kamikaze,Lil Mosey,76,76,76,1945345,58
2019,135, Walk,Comethazine,114,114,114,1936312,21
2019,136, HUMBLE.,Kendrick Lamar,1,1,1,1934361,135
2019,137, No Role Modelz,J. Cole,65,65,65,1931489,72
2019,138, God is a woman,Ariana Grande,4,4,4,1926453,134
2019,139, 3 Nights,Dominic Fike,139,139,139,1926198,0
2019,140, Everyday,Logic,6,6,6,1922020,134
2019,141, Project Dreams,Marshmello,82,82,82,1919260,59
2019,142, Tequila,Dan + Shay,60,60,60,1918170,82
2019,143, I've Been Waiting (w/ ILoveMakonnen & Fall Out Boy),Lil Peep,143,143,143,1884888,0
2019,144, Girls Have Fun (feat. G-Eazy & Rich The Kid),Tyga,90,90,90,1873846,54
2019,145, Lost In Japan,Shawn Mendes,22,22,22,1856548,123
2019,146, The Middle,Zedd,7,7,7,1847259,139
2019,147, my boy,Billie Eilish,147,147,147,1846762,0
2019,148, Candy Paint,Post Malone,4,4,4,1845336,144
2019,149, Location,Khalid,9,9,9,1840352,140
2019,150, you should see me in a crown,Billie Eilish,33,33,33,1836873,117
2019,151, Put a Date On It (feat. Lil Baby),Yo Gotti,94,94,94,1832638,57
2019,152, Alone,Marshmello,152,152,152,1824761,0
2019,153, Plug Walk,Rich The Kid,7,7,7,1794421,146
2019,154, Lucky You (feat. Joyner Lucas),Eminem,1,1,1,1791692,153
2019,155, Hide (feat. Seezyn),Juice WRLD,100,100,100,1790208,55
2019,156, What A Time (feat. Niall Horan),Julia Michaels,156,156,156,1783145,0
2019,157, Beautiful Crazy,Luke Combs,109,109,109,1780493,48
2019,158, Natural,Imagine Dragons,28,28,28,1754310,130
2019,159, Someone You Loved,Lewis Capaldi,159,159,159,1753941,0
2019,160, I Love It (& Lil Pump),Kanye West,1,1,1,1752127,159
2019,161, Look At Me!,XXXTENTACION,26,26,26,1750752,135
2019,162, New Patek,Lil Uzi Vert,4,4,4,1750152,158
2019,163, Lust,Lil Skies,79,79,79,1738394,84
2019,164, Say You Won't Let Go,James Arthur,15,15,15,1722938,149
2019,165, So Close,NOTD,165,165,165,1713289,0
2019,166, all my friends,21 Savage,20,20,20,1710562,146
2019,167, comethru,Jeremy Zucker,167,167,167,1708071,0
2019,168, Solo de Mi,Bad Bunny,55,55,55,1705714,113
2019,169, Praise The Lord (Da Shine) (feat. Skepta),A$AP Rocky,11,11,11,1693156,158
2019,170, Thunder,Imagine Dragons,21,21,21,1688708,149
2019,171, Bank Account,21 Savage,1,1,1,1682317,170
2019,172, All The Stars (with SZA),Kendrick Lamar,2,2,2,1678885,170
2019,173, Hope,XXXTENTACION,28,28,28,1674435,145
2019,174, Wasted (feat. Lil Uzi Vert),Juice WRLD,20,20,20,1655686,154
2019,175, BUTTERFLY EFFECT,Travis Scott,9,9,9,1654261,166
2019,176, Ruin My Life,Zara Larsson,43,43,43,1653005,133
2019,177, FRIENDS,Marshmello,17,17,17,1652931,160
2019,178, Uproar,Lil Wayne,4,4,4,1652078,174
2019,179, Nowadays (feat. Landon Cube),Lil Skies,30,30,30,1648075,149
2019,180, REEL IT IN,Aminé,40,40,40,1641252,140
2019,181, Don't Stop Me Now - Remastered 2011,Queen,112,112,112,1621208,69
2019,182, I'm a Mess,Bebe Rexha,74,74,74,1618013,108
2019,183, come out and play,Billie Eilish,14,14,14,1615783,169
2019,184, Baila Baila Baila,Ozuna,184,184,184,1615492,0
2019,185, Don't Come Out The House (with 21 Savage),Metro Boomin,15,15,15,1613266,170
2019,186, OTW,Khalid,20,20,20,1613058,166
2019,187, Let You Down,NF,11,11,11,1611853,176
2019,188, bitches broken hearts,Billie Eilish,153,153,153,1611260,35
2019,189, Call Out My Name,The Weeknd,1,1,1,1592649,188
2019,190, Foot Fungus,Ski Mask The Slump God,34,34,34,1586434,156
2019,191, Trampoline,SHAED,95,95,95,1578735,96
2019,192," Let Me Go (with Alesso, Florida Georgia Line & watt)",Hailee Steinfeld,19,19,19,1574534,173
2019,193, Body,Loud Luxury,26,26,26,1566927,167
2019,194, Te Boté - Remix,Nio Garcia,42,42,42,1563963,152
2019,195, Believer,Imagine Dragons,11,11,11,1557505,184
2019,196, COPYCAT,Billie Eilish,181,181,181,1555267,15
2019,197, Ella Quiere Beber - Remix,Anuel AA,197,197,197,1551068,0
2019,198, 1950,King Princess,72,72,72,1550207,126
2019,199, the remedy for a broken heart (why am I so in love),XXXTENTACION,18,18,18,1538372,181
2019,200, Walk It Talk It,Migos,6,6,6,1533466,194
2020,1, The Box,Roddy Ricch,1,1,1,19937887,0
2020,2, Life Is Good (feat. Drake),Future,2,2,2,12210480,0
2020,3, Godzilla (feat. Juice WRLD),Eminem,2,2,2,9082219,1
2020,4, ROXANNE,Arizona Zervas,1,1,1,8076667,3
2020,5, Blinding Lights,The Weeknd,3,3,3,7228787,2
2020,6, Falling,Trevor Daniel,5,5,5,7077724,1
2020,7, Circles,Post Malone,1,1,1,6803998,6
2020,8, everything i wanted,Billie Eilish,1,1,1,6775350,7
2020,9, Suicidal,YNW Melly,6,6,6,6739978,3
2020,10, High Fashion (feat. Mustard),Roddy Ricch,10,10,10,6611778,0
2020,11, BOP,DaBaby,3,3,3,6439159,8
2020,12, Dance Monkey,Tones And I,7,7,7,6244173,5
2020,13, Don't Start Now,Dua Lipa,7,7,7,6206002,6
2020,14, Ballin' (with Roddy Ricch),Mustard,11,11,11,6032185,3
2020,15, Bandit (with YoungBoy Never Broke Again),Juice WRLD,2,2,2,5731696,13
2020,16," I Do It (ft. Big Sean, Lil Baby)",Lil Wayne,16,16,16,5724253,0
2020,17, Yummy,Justin Bieber,3,3,3,5243485,14
2020,18, TOES (feat. Lil Baby & Moneybagg Yo),DaBaby,18,18,18,5175338,0
2020,19, Say So,Doja Cat,19,19,19,5104255,0
2020,20, You should be sad,Halsey,12,12,12,4998787,8
2020,21, SUGAR,BROCKHAMPTON,21,21,21,4741965,0
2020,22, Adore You,Harry Styles,3,3,3,4696192,19
2020,23, Woah,Lil Baby,11,11,11,4693729,12
2020,24, Futsal Shuffle 2020,Lil Uzi Vert,1,1,1,4617256,23
2020,25, OUT WEST (feat. Young Thug),JACKBOYS,6,6,6,4564843,19
2020,26, Good News,Mac Miller,3,3,3,4512799,23
2020,27, Someone You Loved,Lewis Capaldi,6,6,6,4367845,21
2020,28, Sunflower - Spider-Man: Into the Spider-Verse,Post Malone,1,1,1,4238841,27
2020,29, bad guy,Billie Eilish,1,1,1,4205890,28
2020,30, My Oh My (feat. DaBaby),Camila Cabello,15,15,15,4184316,15
2020,31, Physical,Dua Lipa,31,31,31,3960377,0
2020,32, hot girl bummer,blackbear,4,4,4,3916219,28
2020,33, HIGHEST IN THE ROOM,Travis Scott,1,1,1,3909928,32
2020,34, VIBEZ,DaBaby,7,7,7,3810849,27
2020,35, No Idea,Don Toliver,17,17,17,3797573,18
2020,36, Tusa,KAROL G,36,36,36,3699600,0
2020,37, Sum 2 Prove,Lil Baby,18,18,18,3691508,19
2020,38, Get Me,Justin Bieber,38,38,38,3672187,0
2020,39, What A Man Gotta Do,Jonas Brothers,27,27,27,3669596,12
2020,40, Memories,Maroon 5,9,9,9,3662729,31
2020,41, King Of My City,A Boogie Wit da Hoodie,41,41,41,3659455,0
2020,42, Lucid Dreams,Juice WRLD,1,1,1,3653609,41
2020,43, when the party's over,Billie Eilish,5,5,5,3649379,38
2020,44, GOODMORNINGTOKYO!,TOKYO’S REVENGE,44,44,44,3614033,0
2020,45, Robbery,Juice WRLD,3,3,3,3586816,42
2020,46," 10,000 Hours (with Justin Bieber)",Dan + Shay,2,2,2,3556867,44
2020,47, WHATS POPPIN,Jack Harlow,47,47,47,3499722,0
2020,48, Lose You To Love Me,Selena Gomez,2,2,2,3408212,46
2020,49, Suge,DaBaby,4,4,4,3336087,45
2020,50, Only The Young - Featured in Miss Americana,Taylor Swift,50,50,50,3169782,0
2020,51, Heartless,The Weeknd,1,1,1,3141857,50
2020,52, Rare,Selena Gomez,12,12,12,3081101,40
2020,53, Money In The Grave (Drake ft. Rick Ross),Drake,1,1,1,3074940,52
2020,54, ORANGE SODA,Baby Keem,54,54,54,2990002,0
2020,55, Ransom,Lil Tecca,1,1,1,2981847,54
2020,56, Truth Hurts,Lizzo,3,3,3,2916890,53
2020,57, Watermelon Sugar,Harry Styles,5,5,5,2916694,52
2020,58, Eleven,Khalid,38,38,38,2874257,20
2020,59, 223's (feat. 9lokknine),YNW Melly,5,5,5,2862667,54
2020,60, Hot [Remix] (feat. Gunna & Travis Scott),Young Thug,12,12,12,2851197,48
2020,61, lovely (feat. Khalid),Billie Eilish,24,24,24,2844829,37
2020,62, Make No Sense,YoungBoy Never Broke Again,28,28,28,2830600,34
2020,63, MIDDLE CHILD,J. Cole,1,1,1,2796437,62
2020,64, Goodbyes (feat. Young Thug),Post Malone,1,1,1,2792996,63
2020,65, Mahogany,Lil Wayne,65,65,65,2786245,0
2020,66, If the World Was Ending (feat. Julia Michaels),JP Saxe,63,63,63,2734581,3
2020,67, Before You Go,Lewis Capaldi,42,42,42,2732733,25
2020,68, No Guidance (feat. Drake),Chris Brown,5,5,5,2709983,63
2020,69, EARFQUAKE,"Tyler, The Creator",1,1,1,2688937,68
2020,70, All Girls Are The Same,Juice WRLD,13,13,13,2685808,57
2020,71, Wow.,Post Malone,2,2,2,2685805,69
2020,72, What If I Told You That I Love You,Ali Gatie,47,47,47,2670880,25
2020,73, Señorita,Shawn Mendes,1,1,1,2666680,72
2020,74, July,Noah Cyrus,56,56,56,2664141,18
2020,75, Start Wit Me (feat. Gunna),Roddy Ricch,48,48,48,2655270,27
2020,76, FML,Arizona Zervas,70,70,70,2649591,6
2020,77, Anyone,Demi Lovato,77,77,77,2643964,0
2020,78, I Don't Sleep (ft. Takeoff),Lil Wayne,78,78,78,2612267,0
2020,79, me & ur ghost,blackbear,60,60,60,2559204,19
2020,80, Camelot,NLE Choppa,10,10,10,2535938,70
2020,81, BEST ON EARTH (feat. BIA) - Bonus,Russ,81,81,81,2528178,0
2020,82, Stuck In A Dream (feat. Gunna),Lil Mosey,9,9,9,2511005,73
2020,83, Sunday Best,Surfaces,83,83,83,2491881,0
2020,84, Going Bad (feat. Drake),Meek Mill,2,2,2,2465947,82
2020,85, Baby (feat. Lil Baby & DaBaby),Quality Control,14,14,14,2452280,71
2020,86, HIGHEST IN THE ROOM (feat. ROSALÍA & Lil Baby) - REMIX,Travis Scott,10,10,10,2446388,76
2020,87, Blue World,Mac Miller,6,6,6,2414031,81
2020,88, SLOW DANCING IN THE DARK,Joji,29,29,29,2406230,59
2020,89, Murder on My Mind,YNW Melly,4,4,4,2405736,85
2020,90, Death (feat. DaBaby),Trippie Redd,30,30,30,2394947,60
2020,91, Mama Mia,Lil Wayne,91,91,91,2374202,0
2020,92, Maniac,Conan Gray,92,92,92,2370677,0
2020,93, Vete,Bad Bunny,8,8,8,2353190,85
2020,94, Drip Too Hard (Lil Baby & Gunna),Lil Baby,1,1,1,2341389,93
2020,95," All I Want - From ""High School Musical: The Musical: The Series""",Olivia Rodrigo,64,64,64,2338482,31
2020,96, Hate Me (with Juice WRLD),Ellie Goulding,26,26,26,2315327,70
2020,97, Legends,Juice WRLD,19,19,19,2314302,78
2020,98, Pop Out (feat. Lil Tjay),Polo G,8,8,8,2308741,90
2020,99, Jocelyn Flores,XXXTENTACION,3,3,3,2301265,96
2020,100, RITMO (Bad Boys For Life),Black Eyed Peas,87,87,87,2300459,13
2020,101, Yellow Hearts,Ant Saunders,20,20,20,2278952,81
2020,102, SICKO MODE,Travis Scott,1,1,1,2263463,101
2020,103, The London (feat. J. Cole & Travis Scott),Young Thug,1,1,1,2232155,102
2020,104, Black Swan,BTS,47,47,47,2219864,57
2020,105, ocean eyes,Billie Eilish,78,78,78,2215471,27
2020,106, SAD!,XXXTENTACION,1,1,1,2212584,105
2020,107, Without Me,Halsey,5,5,5,2204335,102
2020,108, F.N,Lil Tjay,25,25,25,2195465,83
2020,109, 7 rings,Ariana Grande,1,1,1,2191680,108
2020,110, Peta (feat. Meek Mill),Roddy Ricch,60,60,60,2145791,50
2020,111, Take What You Want (feat. Ozzy Osbourne & Travis Scott),Post Malone,3,3,3,2119847,108
2020,112, rockstar (feat. 21 Savage),Post Malone,1,1,1,2109688,111
2020,113, Funeral,Lil Wayne,113,113,113,2099704,0
2020,114, Diva (feat. Lil Tecca),The Kid LAROI,114,114,114,2092694,0
2020,115, I Fall Apart,Post Malone,2,2,2,2091237,113
2020,116, Swervin (feat. 6ix9ine),A Boogie Wit da Hoodie,7,7,7,2086877,109
2020,117, Lights Up,Harry Styles,2,2,2,2063746,115
2020,118, Falling,Harry Styles,11,11,11,2059575,107
2020,119, Lalala,Y2K,12,12,12,2057798,107
2020,120, One Man Band,Old Dominion,71,71,71,2047213,49
2020,121, Enemies (feat. DaBaby),Post Malone,4,4,4,2044060,117
2020,122, bury a friend,Billie Eilish,3,3,3,2029362,119
2020,123, Beautiful People (feat. Khalid),Ed Sheeran,4,4,4,2020134,119
2020,124, Panini,Lil Nas X,2,2,2,2005543,122
2020,125, Dreams,Lil Wayne,125,125,125,1986666,0
2020,126, You Need To Calm Down,Taylor Swift,2,2,2,1981592,124
2020,127, Armed And Dangerous,Juice WRLD,9,9,9,1974999,118
2020,128, i love you,Billie Eilish,17,17,17,1972028,111
2020,129, Juicy,Doja Cat,66,66,66,1970740,63
2020,130, Graveyard,Halsey,18,18,18,1960752,112
2020,131, I Don't Care (with Justin Bieber),Ed Sheeran & Justin Bieber,1,1,1,1952799,130
2020,132, Better Now,Post Malone,1,1,1,1947898,131
2020,133, How I Move (feat. Lil Baby),Flipp Dinero,118,118,118,1945142,15
2020,134, Old Town Road - Remix,Lil Nas X,1,1,1,1944144,133
2020,135, 6 Kiss (feat. Juice WRLD & YNW Melly),Trippie Redd,13,13,13,1943109,122
2020,136, GUESS WHAT (feat. Rick Ross),Russ,136,136,136,1938575,0
2020,137, Talk (feat. Disclosure),Khalid,6,6,6,1930859,131
2020,138, B.I.T.C.H.,Megan Thee Stallion,46,46,46,1926983,92
2020,139, Cash Shit (feat. DaBaby),Megan Thee Stallion,69,69,69,1926423,70
2020,140, Eastside (with Halsey & Khalid),benny blanco,10,10,10,1920153,130
2020,141, Sucker,Jonas Brothers,1,1,1,1908024,140
2020,142, One Thing Right,Marshmello,15,15,15,1904384,127
2020,143, VALENTINO,24kGoldn,41,41,41,1899095,102
2020,144, Sanguine Paradise,Lil Uzi Vert,6,6,6,1892173,138
2020,145, Hot (feat. Gunna),Young Thug,10,10,10,1878921,135
2020,146, Hips Don't Lie (feat. Wyclef Jean),Shakira,146,146,146,1876767,0
2020,147, goosebumps,Travis Scott,16,16,16,1871431,131
2020,148, Fuck Love,XXXTENTACION,8,8,8,1867513,140
2020,149, It's You,Ali Gatie,17,17,17,1863579,132
2020,150, Know You Know (ft. 2 Chainz),Lil Wayne,150,150,150,1861486,0
2020,151, Speechless,Dan + Shay,81,81,81,1860083,70
2020,152, Heartless (feat. Morgan Wallen),Diplo,57,57,57,1856997,95
2020,153, Lean Wit Me,Juice WRLD,28,28,28,1855844,125
2020,154, Letter to Nipsey (feat. Roddy Ricch),Meek Mill,154,154,154,1847858,0
2020,155, U Played (feat. Lil Baby),Moneybagg Yo,101,101,101,1839713,54
2020,156, wish you were gay,Billie Eilish,3,3,3,1839468,153
2020,157, Tip Toe (feat. A Boogie Wit da Hoodie),Roddy Ricch,49,49,49,1839003,108
2020,158, XO Tour Llif3,Lil Uzi Vert,2,2,2,1820972,156
2020,159, Rodeo (feat. Nas),Lil Nas X,159,159,159,1814062,0
2020,160, Moonlight,XXXTENTACION,3,3,3,1800372,157
2020,161, Beautiful Crazy,Luke Combs,61,61,61,1796904,100
2020,162, Happier,Marshmello,8,8,8,1782191,154
2020,163, Yes Indeed,Lil Baby,2,2,2,1770305,161
2020,164, Ransom (feat. Juice WRLD) - Remix,Lil Tecca,23,23,23,1767667,141
2020,165, Bing James (feat. Jay Rock),Lil Wayne,165,165,165,1767552,0
2020,166, Callaita,Bad Bunny,41,41,41,1766831,125
2020,167, all the good girls go to hell,Billie Eilish,8,8,8,1761224,159
2020,168, Whiskey Glasses,Morgan Wallen,66,66,66,1759325,102
2020,169, The Less I Know The Better,Tame Impala,142,142,142,1747201,27
2020,170, P*$$Y Fairy (OTW),Jhené Aiko,110,110,110,1745835,60
2020,171, Never Seen the Rain,Tones And I,171,171,171,1745358,0
2020,172, Better,Khalid,9,9,9,1742602,163
2020,173," thank u, next",Ariana Grande,1,1,1,1736485,172
2020,174, Those Kinda Nights (feat. Ed Sheeran),Eminem,25,25,25,1735522,149
2020,175, Best Part (feat. H.E.R.),Daniel Caesar,68,68,68,1733731,107
2020,176, Trust Nobody (feat. Adam Levine),Lil Wayne,176,176,176,1722376,0
2020,177, you should see me in a crown,Billie Eilish,11,11,11,1720369,166
2020,178, Pure Water (feat. Migos),Mustard,13,13,13,1718947,165
2020,179, Let Me Know (I Wonder Why Freestyle),Juice WRLD,37,37,37,1714578,142
2020,180, Ayy Macarena,Tyga,151,151,151,1713603,29
2020,181, I.F.L.Y.,Bazzi,28,28,28,1711460,153
2020,182, Lose Control,MEDUZA,182,182,182,1705498,0
2020,183, Envy Me,Calboy,22,22,22,1693165,161
2020,184, Lottery (Renegade),K CAMP,184,184,184,1680369,0
2020,185, I Hope,Gabby Barrett,185,185,185,1680297,0
2020,186, Into the Unknown,Idina Menzel,37,37,37,1666381,149
2020,187, Bruises,Lewis Capaldi,114,114,114,1661213,73
2020,188, Faucet Failure,Ski Mask The Slump God,27,27,27,1655763,161
2020,189, Clap For Em,Lil Wayne,189,189,189,1651340,0
2020,190, Lover,Taylor Swift,1,1,1,1651160,189
2020,191," You Gon’ Learn (feat. Royce Da 5'9"" & White Gold)",Eminem,22,22,22,1645475,169
2020,192, No Role Modelz,J. Cole,65,65,65,1645334,127
2020,193, LA CANCIÓN,J Balvin,43,43,43,1634193,150
2020,194, Hope,XXXTENTACION,28,28,28,1625493,166
2020,195, Say You Won't Let Go,James Arthur,15,15,15,1625022,180
2020,196, Heartless (with Julia Michaels & Morgan Wallen),Diplo,196,196,196,1618785,0
2020,197, 20 Min,Lil Uzi Vert,120,120,120,1617784,77
2020,198, Stop Playin With Me,Lil Wayne,198,198,198,1616361,0
2020,199, Noticed,Lil Mosey,20,20,20,1616209,179
2020,200, Shotta Flow (feat. Blueface) - Remix,NLE Choppa,20,20,20,1612707,180
2021,1, drivers license,Olivia Rodrigo,1,1,1,11754368,0
2021,2, Save Your Tears,The Weeknd,2,2,2,7611570,0
2021,3, Good Days,SZA,1,1,1,7462224,2
2021,4, Blinding Lights,The Weeknd,1,1,1,6944779,3
2021,5, Up,Cardi B,5,5,5,6865504,0
2021,6, Streets,Doja Cat,3,3,3,6491672,3
2021,7, Whoopty,CJ,4,4,4,5061462,3
2021,8, Mood (feat. iann dior),24kGoldn,2,2,2,4449275,6
2021,9, Levitating (feat. DaBaby),Dua Lipa,9,9,9,4302003,0
2021,10, DÁKITI,Bad Bunny,1,1,1,4282307,9
2021,11, 34+35,Ariana Grande,2,2,2,4213276,9
2021,12, WITHOUT YOU,The Kid LAROI,8,8,8,4192149,4
2021,13, Lemonade (feat. NAV),Internet Money,1,1,1,4040876,12
2021,14, Best Friend (feat. Doja Cat),Saweetie,14,14,14,3975314,0
2021,15, Wasted On You,Morgan Wallen,3,3,3,3856995,12
2021,16, positions,Ariana Grande,1,1,1,3798228,15
2021,17, Sand In My Boots,Morgan Wallen,13,13,13,3783529,4
2021,18, For The Night (feat. Lil Baby & DaBaby),Pop Smoke,2,2,2,3676460,16
2021,19, Sweater Weather,The Neighbourhood,19,19,19,3488447,0
2021,20, Somebody’s Problem,Morgan Wallen,4,4,4,3479801,16
2021,21, What You Know Bout Love,Pop Smoke,6,6,6,3472887,15
2021,22, WAP (feat. Megan Thee Stallion),Cardi B,1,1,1,3460247,21
2021,23, Heat Waves,Glass Animals,23,23,23,3399493,0
2021,24, my ex's best friend (with blackbear),mgk,11,11,11,3322984,13
2021,25, Laugh Now Cry Later (feat. Lil Durk),Drake,2,2,2,3307346,23
2021,26, Therefore I Am,Billie Eilish,1,1,1,3269724,25
2021,27, The Hills,The Weeknd,27,27,27,3235072,0
2021,28, Body,Megan Thee Stallion,13,13,13,3175226,15
2021,29, Wishing Well,Juice WRLD,1,1,1,3149013,28
2021,30, Back in Blood (feat. Lil Durk),Pooh Shiesty,30,30,30,3134927,0
2021,31, Anyone,Justin Bieber,2,2,2,3069676,29
2021,32, All Girls Are The Same,Juice WRLD,13,13,13,3049509,19
2021,33, Bad Boy (with Young Thug),Juice WRLD,3,3,3,3039699,30
2021,34, you broke me first,Tate McRae,16,16,16,3027812,18
2021,35, ROCKSTAR (feat. Roddy Ricch),DaBaby,1,1,1,2862621,34
2021,36, Cry Baby (feat. DaBaby),Megan Thee Stallion,36,36,36,2838586,0
2021,37, GNF (OKOKOK),Polo G,37,37,37,2791406,0
2021,38, Lucid Dreams,Juice WRLD,1,1,1,2777189,37
2021,39, Come & Go (with Marshmello),Juice WRLD,1,1,1,2771092,38
2021,40, Martin & Gina,Polo G,23,23,23,2762088,17
2021,41, Goosebumps - Remix,Travis Scott,41,41,41,2746518,0
2021,42, willow,Taylor Swift,1,1,1,2720477,41
2021,43, 7 Summers,Morgan Wallen,3,3,3,2657382,40
2021,44, Blueberry Faygo,Lil Mosey,2,2,2,2652286,42
2021,45, Tyler Herro,Jack Harlow,9,9,9,2647394,36
2021,46, Robbery,Juice WRLD,3,3,3,2637185,43
2021,47, Heather,Conan Gray,9,9,9,2630044,38
2021,48, More Than My Hometown,Morgan Wallen,21,21,21,2614014,27
2021,49," Whats Poppin (feat. DaBaby, Tory Lanez & Lil Wayne) [Remix] - Bonus Track",Jack Harlow,2,2,2,2586531,47
2021,50, Starboy,The Weeknd,3,3,3,2571675,47
2021,51, Sunflower - Spider-Man: Into the Spider-Verse,Post Malone,1,1,1,2555960,50
2021,52, Circles,Post Malone,1,1,1,2478295,51
2021,53, HOLIDAY,Lil Nas X,14,14,14,2464336,39
2021,54, Bang!,AJR,54,54,54,2448331,0
2021,55, On Me,Lil Baby,37,37,37,2448162,18
2021,56, 865,Morgan Wallen,15,15,15,2447762,41
2021,57, Someone You Loved,Lewis Capaldi,6,6,6,2422483,51
2021,58, The Box,Roddy Ricch,1,1,1,2408058,57
2021,59, Opp Stoppa (feat. 21 Savage),YBN Nahmir,59,59,59,2375449,0
2021,60, Whiskey Glasses,Morgan Wallen,59,59,59,2359498,1
2021,61, Way Out (feat. Big Sean),Jack Harlow,24,24,24,2355465,37
2021,62, Daddy Issues,The Neighbourhood,61,61,61,2343821,1
2021,63, In Your Eyes,The Weeknd,3,3,3,2334343,60
2021,64, Glad You Exist,Dan + Shay,64,64,64,2333776,0
2021,65, Cover Me Up,Morgan Wallen,30,30,30,2324373,35
2021,66, Hello (feat. A Boogie Wit da Hoodie),Pop Smoke,31,31,31,2314035,35
2021,67, Dreams - 2004 Remaster,Fleetwood Mac,6,6,6,2191070,61
2021,68, Runnin,21 Savage,3,3,3,2183886,65
2021,69, Dynamite,BTS,4,4,4,2180080,65
2021,70, Still Goin Down,Morgan Wallen,31,31,31,2177927,39
2021,71, Baila Conmigo (with Rauw Alejandro),Selena Gomez,41,41,41,2175241,30
2021,72, Jocelyn Flores,XXXTENTACION,3,3,3,2171279,69
2021,73, SO DONE,The Kid LAROI,13,13,13,2154728,60
2021,74, No Role Modelz,J. Cole,65,65,65,2141231,9
2021,75, Dead Man Walking,Brent Faiyaz,71,71,71,2120225,4
2021,76, Astronaut In The Ocean,Masked Wolf,76,76,76,2114416,0
2021,77, Hayloft,Mother Mother,64,64,64,2110718,13
2021,78, Before You Go,Lewis Capaldi,42,42,42,2106680,36
2021,79, Dangerous,Morgan Wallen,37,37,37,2106097,42
2021,80, Prisoner (feat. Dua Lipa),Miley Cyrus,16,16,16,2104073,64
2021,81, Holy (feat. Chance The Rapper),Justin Bieber,3,3,3,2096563,78
2021,82, goosebumps,Travis Scott,8,8,8,2074208,74
2021,83, Life Is Good (feat. Drake),Future,2,2,2,2069174,81
2021,84, Monster (Shawn Mendes & Justin Bieber),Shawn Mendes,5,5,5,2042451,79
2021,85, Watermelon Sugar,Harry Styles,4,4,4,2031163,81
2021,86, PRACTICE,DaBaby,46,46,46,1998418,40
2021,87, SLOW DANCING IN THE DARK,Joji,29,29,29,1995290,58
2021,88, Lonely (with benny blanco),Justin Bieber,8,8,8,1992553,80
2021,89, Heartless,The Weeknd,1,1,1,1981809,88
2021,90, Still Trappin',Lil Durk,66,66,66,1963115,24
2021,91, death bed (coffee for your head),Powfu,9,9,9,1949426,82
2021,92, Electric Love,BØRNS,44,44,44,1948364,48
2021,93, I Feel It Coming,The Weeknd,10,10,10,1943216,83
2021,94," GRAVITY (FEAT. TYLER, THE CREATOR)",Brent Faiyaz,36,36,36,1938673,58
2021,95, Warning,Morgan Wallen,18,18,18,1920533,77
2021,96, Roadtrip,Dream,96,96,96,1909963,0
2021,97, Skin,Sabrina Carpenter,27,27,27,1906322,70
2021,98, Are You Bored Yet? (feat. Clairo),Wallows,70,70,70,1892863,28
2021,99, GO (feat. Juice WRLD),The Kid LAROI,15,15,15,1891346,84
2021,100, Can't Feel My Face,The Weeknd,100,100,100,1883961,0
2021,101, hot girl bummer,blackbear,4,4,4,1878863,97
2021,102, Buss It,Erica Banks,75,75,75,1877399,27
2021,103, Adore You,Harry Styles,3,3,3,1875963,100
2021,104, Mr. Right Now (feat. Drake),21 Savage,4,4,4,1875336,100
2021,105, Put Your Records On,Ritt Momney,16,16,16,1858517,89
2021,106, Time Today,Moneybagg Yo,106,106,106,1857312,0
2021,107, Dior,Pop Smoke,18,18,18,1850569,89
2021,108, Livin’ The Dream,Morgan Wallen,32,32,32,1846552,76
2021,109, POPSTAR (feat. Drake),DJ Khaled,4,4,4,1837928,105
2021,110, Chasin' You,Morgan Wallen,55,55,55,1816538,55
2021,111, Go Crazy,Chris Brown,20,20,20,1809120,91
2021,112, LA NOCHE DE ANOCHE,Bad Bunny,18,18,18,1797585,94
2021,113, Masterpiece,DaBaby,63,63,63,1791957,50
2021,114, Mood Swings (feat. Lil Tjay),Pop Smoke,10,10,10,1791773,104
2021,115, Star Shopping,Lil Peep,101,101,101,1790124,14
2021,116, SAD!,XXXTENTACION,1,1,1,1789218,115
2021,117, BICHOTA,KAROL G,93,93,93,1781504,24
2021,118, Why'd You Only Call Me When You're High?,Arctic Monkeys,111,111,111,1776952,7
2021,119, XO Tour Llif3,Lil Uzi Vert,2,2,2,1772970,117
2021,120, 21,Polo G,42,42,42,1772880,78
2021,121, Bandit (with YoungBoy Never Broke Again),Juice WRLD,2,2,2,1772197,119
2021,122, Moonwalking in Calabasas (feat. Blueface) - Remix,DDG,40,40,40,1771596,82
2021,123, Earned It (Fifty Shades Of Grey),The Weeknd,123,123,123,1769507,0
2021,124, HIGHEST IN THE ROOM,Travis Scott,1,1,1,1766444,123
2021,125, Bandido,Myke Towers,125,125,125,1762905,0
2021,126," Dear Maria, Count Me In",All Time Low,90,90,90,1761327,36
2021,127, This Bar,Morgan Wallen,65,65,65,1758398,62
2021,128," 34+35 Remix (feat. Doja Cat, Megan Thee Stallion) - Remix",Ariana Grande,4,4,4,1751570,124
2021,129, 20 Min,Lil Uzi Vert,116,116,116,1747974,13
2021,130, Forever After All,Luke Combs,2,2,2,1744666,128
2021,131, Paradise (feat. Dermot Kennedy),MEDUZA,113,113,113,1740583,18
2021,132, If the World Was Ending (feat. Julia Michaels),JP Saxe,47,47,47,1739129,85
2021,133, Golden,Harry Styles,21,21,21,1738355,112
2021,134, Godzilla (feat. Juice WRLD),Eminem,2,2,2,1737218,132
2021,135, lovely (with Khalid),Billie Eilish,24,24,24,1736923,111
2021,136, Train Wreck,James Arthur,62,62,62,1732196,74
2021,137, Better Together,Luke Combs,38,38,38,1731359,99
2021,138, Sofia,Clairo,27,27,27,1730784,111
2021,139, 505,Arctic Monkeys,132,132,132,1725424,7
2021,140, BOP,DaBaby,3,3,3,1719163,137
2021,141, The Business,Tiësto,141,141,141,1691480,0
2021,142, Line Without a Hook,Ricky Montgomery,96,96,96,1683787,46
2021,143, Violent,carolesdaughter,98,98,98,1683308,45
2021,144, MIDDLE CHILD,J. Cole,1,1,1,1678002,143
2021,145, Righteous,Juice WRLD,2,2,2,1676018,143
2021,146, Smile (with The Weeknd),Juice WRLD,2,2,2,1675768,144
2021,147, Hawái - Remix,Maluma,16,16,16,1665681,131
2021,148, Drankin N Smokin,Future,12,12,12,1663622,136
2021,149, Heartbreak Anniversary,Giveon,149,149,149,1663225,0
2021,150, Beautiful Crazy,Luke Combs,61,61,61,1660228,89
2021,151, The Less I Know The Better,Tame Impala,119,119,119,1656132,32
2021,152, Everybody Dies In Their Nightmares,XXXTENTACION,15,15,15,1654925,137
2021,153, Call Out My Name,The Weeknd,1,1,1,1652886,152
2021,154, Fuck Love,XXXTENTACION,8,8,8,1651922,146
2021,155, Don't Start Now,Dua Lipa,5,5,5,1650324,150
2021,156, champagne problems,Taylor Swift,2,2,2,1646037,154
2021,157, E-GIRLS ARE RUINING MY LIFE!,CORPSE,59,59,59,1644206,98
2021,158, Roses - Imanbek Remix,SAINt JHN,5,5,5,1643271,153
2021,159, Ballin' (with Roddy Ricch),Mustard,11,11,11,1643026,148
2021,160, Mr. Brightside,The Killers,154,154,154,1628884,6
2021,161, Drip Too Hard (Lil Baby & Gunna),Lil Baby,1,1,1,1628839,160
2021,162, pov,Ariana Grande,8,8,8,1618007,154
2021,163, Take Me to Church,Hozier,163,163,163,1617977,0
2021,164, Errbody,Lil Baby,42,42,42,1617175,122
2021,165, Falling,Harry Styles,11,11,11,1612848,154
2021,166, SICKO MODE,Travis Scott,1,1,1,1612389,165
2021,167, Hate The Other Side (with Marshmello & The Kid Laroi),Juice WRLD,5,5,5,1606567,162
2021,168, ROXANNE,Arizona Zervas,1,1,1,1605280,167
2021,169, Be Like That (feat. Swae Lee & Khalid),Kane Brown,25,25,25,1604016,144
2021,170, Tongue Tied,GROUPLOVE,119,119,119,1597280,51
2021,171, After Party,Don Toliver,13,13,13,1593680,158
2021,172, Remember That Night?,Sara Kays,155,155,155,1592209,17
2021,173, GIRL LIKE ME,Black Eyed Peas,173,173,173,1582381,0
2021,174, Reminds Me Of You,Juice WRLD,28,28,28,1579871,146
2021,175, July,Noah Cyrus,56,56,56,1572631,119
2021,176, Mr. Loverman,Ricky Montgomery,155,155,155,1570470,21
2021,177, Tequila Shots,Kid Cudi,10,10,10,1565062,167
2021,178, Say You Won't Let Go,James Arthur,15,15,15,1559880,163
2021,179, You (with Marshmello & Vance Joy),benny blanco,61,61,61,1555720,118
2021,180, oops!,Yung Gravy,122,122,122,1550555,58
2021,181, WHATS POPPIN,Jack Harlow,6,6,6,1548391,175
2021,182, Took Her To The O,King Von,37,37,37,1544760,145
2021,183, Die For You,The Weeknd,74,74,74,1529014,109
2021,184, We Paid (feat. 42 Dugg),Lil Baby,9,9,9,1525388,175
2021,185, Hit Different,SZA,18,18,18,1519302,167
2021,186, Falling,Trevor Daniel,5,5,5,1513247,181
2021,187, Dance Monkey,Tones And I,7,7,7,1497641,180
2021,188, Money Trees,Kendrick Lamar,88,88,88,1497168,100
2021,189, I Fall Apart,Post Malone,2,2,2,1497078,187
2021,190, Provide (feat. Chris Brown & Mark Morrison),G-Eazy,190,190,190,1495595,0
2021,191, Maniac,Conan Gray,73,73,73,1493192,118
2021,192, Moonlight,XXXTENTACION,3,3,3,1492941,189
2021,193, Armed And Dangerous,Juice WRLD,9,9,9,1488715,184
2021,194, Do I Wanna Know?,Arctic Monkeys,194,194,194,1477936,0
2021,195, forget me too (feat. Halsey),mgk,17,17,17,1472840,178
2021,196, Can You Feel My Heart,Bring Me The Horizon,121,121,121,1470679,75
2021,197," 10,000 Hours (with Justin Bieber)",Dan + Shay,2,2,2,1468829,195
2021,198, Spicy (feat. Post Malone),Ty Dolla $ign,14,14,14,1468635,184
2021,199, Sky,Playboi Carti,94,94,94,1463083,105
2021,200," All I Want - From ""High School Musical: The Musical: The Series""",Olivia Rodrigo,64,64,64,1456859,136
2022,1, We Don't Talk About Bruno,Carolina Gaitán - La Gaita,1,1,1,8242634,0
2022,2, Heat Waves,Glass Animals,2,2,2,6624777,0
2022,3, pushin P (feat. Young Thug),Gunna,2,2,2,6444812,1
2022,4, Super Gremlin,Kodak Black,3,3,3,5997416,1
2022,5," Surface Pressure - From ""Encanto""/Soundtrack Version",Jessica Darrow,4,4,4,5258370,1
2022,6, STAY (with Justin Bieber),The Kid LAROI,1,1,1,5220179,5
2022,7, INDUSTRY BABY (feat. Jack Harlow),Lil Nas X,1,1,1,5068326,6
2022,8, City of Gods,Fivio Foreign,8,8,8,4789621,0
2022,9, I Love You So,The Walters,9,9,9,4294323,0
2022,10, abcdefu,GAYLE,6,6,6,4278449,4
2022,11, Enemy (with JID) - from the series Arcane League of Legends,Imagine Dragons,9,9,9,4248187,2
2022,12, Still D.R.E.,Dr. Dre,12,12,12,4222989,0
2022,13, Need to Know,Doja Cat,4,4,4,4121519,9
2022,14, Knife Talk (with 21 Savage ft. Project Pat),Drake,2,2,2,4035182,12
2022,15, MAMIII,Becky G,15,15,15,4021219,0
2022,16, THATS WHAT I WANT,Lil Nas X,4,4,4,4014833,12
2022,17, Cigarettes,Juice WRLD,5,5,5,3850974,12
2022,18, The Family Madrigal,Stephanie Beatriz,11,11,11,3834808,7
2022,19, The Joker And The Queen (feat. Taylor Swift),Ed Sheeran,19,19,19,3783459,0
2022,20, Boyfriend,Dove Cameron,20,20,20,3770977,0
2022,21, Cold Heart - PNAU Remix,Elton John,15,15,15,3737399,6
2022,22, Easy On Me,Adele,1,1,1,3698382,21
2022,23, Lost,Frank Ocean,14,14,14,3683829,9
2022,24, Dark Red,Steve Lacy,18,18,18,3669545,6
2022,25, good 4 u,Olivia Rodrigo,1,1,1,3639321,24
2022,26, family ties (with Kendrick Lamar),Baby Keem,8,8,8,3551939,18
2022,27, Woman,Doja Cat,12,12,12,3407457,15
2022,28, Bussin,Nicki Minaj,28,28,28,3347398,0
2022,29, Ghost,Justin Bieber,24,24,24,3329194,5
2022,30, Shivers,Ed Sheeran,8,8,8,3315728,22
2022,31, What Else Can I Do?,Diane Guerrero,16,16,16,3262315,15
2022,32, I Hate U,SZA,1,1,1,3248503,31
2022,33, Kiss Me More (feat. SZA),Doja Cat,1,1,1,3245338,32
2022,34, Sweater Weather,The Neighbourhood,19,19,19,3214686,15
2022,35, No Role Modelz,J. Cole,34,34,34,3159694,1
2022,36, The Next Episode,Dr. Dre,36,36,36,3159308,0
2022,37, she's all i wanna be,Tate McRae,20,20,20,3113990,17
2022,38, 505,Arctic Monkeys,33,33,33,3094232,5
2022,39, Lose Yourself,Eminem,39,39,39,3043541,0
2022,40, Better Days (NEIKED x Mae Muller x Polo G),NEIKED,6,6,6,2975714,34
2022,41, Notion,The Rare Occasions,39,39,39,2958566,2
2022,42, Do We Have A Problem?,Nicki Minaj,9,9,9,2918398,33
2022,43, Fingers Crossed,Lauren Spencer Smith,8,8,8,2863451,35
2022,44, Alien Blues,Vundabar,35,35,35,2852596,9
2022,45, Numb Little Bug,Em Beihold,45,45,45,2851744,0
2022,46, Worst Day,Future,46,46,46,2839976,0
2022,47, Broadway Girls (feat. Morgan Wallen),Lil Durk,7,7,7,2810608,40
2022,48, The Real Slim Shady,Eminem,48,48,48,2809982,0
2022,49, Meet Me At Our Spot,THE ANXIETY,10,10,10,2745870,39
2022,50, Don't Play That,King Von,18,18,18,2732159,32
2022,51, traitor,Olivia Rodrigo,3,3,3,2724605,48
2022,52, P power (feat. Drake),Gunna,14,14,14,2719966,38
2022,53, Sky,Playboi Carti,28,28,28,2714476,25
2022,54, Happier Than Ever,Billie Eilish,3,3,3,2694480,51
2022,55, RAPSTAR,Polo G,1,1,1,2685148,54
2022,56, Waiting On A Miracle,Stephanie Beatriz,28,28,28,2628903,28
2022,57, Softcore,The Neighbourhood,43,43,43,2608756,14
2022,58, Monëy so big,Yeat,58,58,58,2590892,0
2022,59, Without Me,Eminem,59,59,59,2590192,0
2022,60, Light Switch,Charlie Puth,15,15,15,2584179,45
2022,61, Pursuit Of Happiness (Nightmare),Kid Cudi,59,59,59,2569266,2
2022,62, Smokin Out The Window,Bruno Mars,2,2,2,2565777,60
2022,63, NEW MAGIC WAND,"Tyler, The Creator",16,16,16,2561128,47
2022,64, 20 Min,Lil Uzi Vert,52,52,52,2541297,12
2022,65, Way 2 Sexy (with Future & Young Thug),Drake,1,1,1,2528576,64
2022,66, One Right Now (with The Weeknd),Post Malone,1,1,1,2528148,65
2022,67, HUMBLE.,Kendrick Lamar,1,1,1,2487318,66
2022,68, Bad Habits,Ed Sheeran,7,7,7,2453002,61
2022,69, Get Into It (Yuh),Doja Cat,18,18,18,2432483,51
2022,70, Dos Oruguitas,Sebastian Yatra,33,33,33,2429088,37
2022,71, Hrs & Hrs,Muni Long,51,51,51,2427364,20
2022,72, Levitating (feat. DaBaby),Dua Lipa,4,4,4,2426895,68
2022,73, Infinity,Jaymes Young,57,57,57,2419799,16
2022,74, All For Us - from the HBO Original Series Euphoria,Labrinth,52,52,52,2417891,22
2022,75, Freaks,Surf Curse,31,31,31,2415240,44
2022,76, Till I Collapse,Eminem,76,76,76,2413953,0
2022,77, Money Trees,Kendrick Lamar,77,77,77,2386756,0
2022,78, Wants and Needs (feat. Lil Baby),Drake,2,2,2,2382241,76
2022,79, Pepas,Farruko,20,20,20,2369426,59
2022,80, You Right,Doja Cat,4,4,4,2365455,76
2022,81, See You Again (feat. Kali Uchis),"Tyler, The Creator",55,55,55,2358149,26
2022,82, California Love - Original Version,2Pac,82,82,82,2353941,0
2022,83, 2055,Sleepy Hallow,8,8,8,2348849,75
2022,84, Blinding Lights,The Weeknd,1,1,1,2344271,83
2022,85, Sunflower - Spider-Man: Into the Spider-Verse,Post Malone,1,1,1,2339781,84
2022,86, The Spins,Mac Miller,77,77,77,2335339,9
2022,87, Big Energy,Latto,74,74,74,2326432,13
2022,88, Doja,$NOT,38,38,38,2326378,50
2022,89, Mr. Rager,Kid Cudi,80,80,80,2316182,9
2022,90, Space Song,Beach House,65,65,65,2293379,25
2022,91, YKWIM?,Yot Club,63,63,63,2281767,28
2022,92, In Da Club,50 Cent,92,92,92,2258647,0
2022,93, Lucid Dreams,Juice WRLD,1,1,1,2253409,92
2022,94, All Girls Are The Same,Juice WRLD,13,13,13,2250665,81
2022,95, Forgot About Dre,Dr. Dre,95,95,95,2248926,0
2022,96, Me or Sum (feat. Future & Lil Baby),Nardo Wick,96,96,96,2246016,0
2022,97, Dandelions,Ruth B.,94,94,94,2212844,3
2022,98, MONTERO (Call Me By Your Name),Lil Nas X,1,1,1,2191300,97
2022,99, deja vu,Olivia Rodrigo,2,2,2,2178237,97
2022,100," Who Want Smoke?? (feat. G Herbo, Lil Durk & 21 Savage)",Nardo Wick,23,23,23,2155164,77
2022,101, drivers license,Olivia Rodrigo,1,1,1,2134499,100
2022,102, Mount Everest,Labrinth,102,102,102,2123222,0
2022,103, Tell Em,Cochise,26,26,26,2118990,77
2022,104, Martin & Gina,Polo G,23,23,23,2111686,81
2022,105, Alright,Kendrick Lamar,105,105,105,2101527,0
2022,106, Heartless,Kanye West,106,106,106,2101061,0
2022,107, Yonaguni,Bad Bunny,5,5,5,2096142,102
2022,108, By Your Side,Rod Wave,45,45,45,2087428,63
2022,109, Good Days,SZA,1,1,1,2083707,108
2022,110, Daddy Issues,The Neighbourhood,59,59,59,2062392,51
2022,111, All Too Well (10 Minute Version) (Taylor's Version) (From The Vault),Taylor Swift,1,1,1,2051060,110
2022,112, Sacrifice,The Weeknd,1,1,1,2046544,111
2022,113, Toxic,BoyWithUke,57,57,57,2038534,56
2022,114, Lo Siento BB:/ (with Bad Bunny & Julieta Venegas),Tainy,18,18,18,2035725,96
2022,115, LOVE. FEAT. ZACARI.,Kendrick Lamar,5,5,5,2026624,110
2022,116, Ginseng Strip 2002,Yung Lean,48,48,48,2006987,68
2022,117, Rumors (feat. Lil Durk),Gucci Mane,77,77,77,1982155,40
2022,118, Work Out,J. Cole,105,105,105,1979217,13
2022,119, Godzilla (feat. Juice WRLD),Eminem,2,2,2,1978677,117
2022,120, Mr. Brightside,The Killers,72,72,72,1970582,48
2022,121, The Way Life Goes (feat. Oh Wonder),Lil Uzi Vert,8,8,8,1966235,113
2022,122, Jugaste y Sufrí,Eslabon Armado,23,23,23,1964192,99
2022,123, It Was A Good Day,Ice Cube,123,123,123,1960672,0
2022,124, DÁKITI,Bad Bunny,1,1,1,1959978,123
2022,125, Drip Too Hard (Lil Baby & Gunna),Lil Baby,1,1,1,1945779,124
2022,126, Fair Trade (with Travis Scott),Drake,3,3,3,1945415,123
2022,127, Die For You,The Weeknd,74,74,74,1928009,53
2022,128, Oh My God,Adele,3,3,3,1926345,125
2022,129, SLOW DANCING IN THE DARK,Joji,29,29,29,1925423,100
2022,130, Miss The Rage,Trippie Redd,4,4,4,1910557,126
2022,131, Celebrity Skin,Doja Cat,131,131,131,1894721,0
2022,132, Shoota (feat. Lil Uzi Vert),Playboi Carti,27,27,27,1889521,105
2022,133, Stay Alive (Prod. SUGA of BTS),Jung Kook,133,133,133,1883864,0
2022,134, Streets,Doja Cat,3,3,3,1881954,131
2022,135, Buy Dirt,Jordan Davis,67,67,67,1853814,68
2022,136, emo girl (feat. WILLOW),mgk,36,36,36,1852147,100
2022,137, Formula,Labrinth,112,112,112,1851561,25
2022,138, All Of You,Stephanie Beatriz,72,72,72,1846148,66
2022,139, love nwantiti (ah ah ah),CKay,30,30,30,1844797,109
2022,140, Eventually,Tame Impala,140,140,140,1833324,0
2022,141, Bound 2,Kanye West,141,141,141,1823625,0
2022,142, Leave The Door Open,Bruno Mars,4,4,4,1820996,138
2022,143, Love Sosa,Chief Keef,139,139,139,1816624,4
2022,144, Redbone,Childish Gambino,9,9,9,1810911,135
2022,145, Praise God,Kanye West,7,7,7,1810819,138
2022,146, My Universe,Coldplay,19,19,19,1799620,127
2022,147, Desesperados,Rauw Alejandro,138,138,138,1795382,9
2022,148, XO Tour Llif3,Lil Uzi Vert,2,2,2,1785605,146
2022,149, Dreams - 2004 Remaster,Fleetwood Mac,6,6,6,1775844,143
2022,150, Circles,Post Malone,1,1,1,1773414,149
2022,151, MIDDLE CHILD,J. Cole,1,1,1,1771261,150
2022,152, Whiskey Glasses,Morgan Wallen,59,59,59,1769766,93
2022,153, Young,Vacations,127,127,127,1769078,26
2022,154, Ain't Shit,Doja Cat,4,4,4,1759569,150
2022,155, telepatía,Kali Uchis,4,4,4,1758877,151
2022,156, Come & Go (with Marshmello),Juice WRLD,1,1,1,1755976,155
2022,157," Nuthin' But A ""G"" Thang",Dr. Dre,157,157,157,1754787,0
2022,158, Looking Out for You,Joy Again,77,77,77,1751275,81
2022,159, Star Shopping,Lil Peep,101,101,101,1741607,58
2022,160, Ric Flair Drip (with Metro Boomin),Offset,4,4,4,1731907,156
2022,161, Ni**as In Paris,JAY-Z,158,158,158,1730866,3
2022,162, Electric Love,BØRNS,44,44,44,1728478,118
2022,163, Jocelyn Flores,XXXTENTACION,3,3,3,1722247,160
2022,164, trademark usa,Baby Keem,83,83,83,1717735,81
2022,165, my ex's best friend (with blackbear),mgk,11,11,11,1712629,154
2022,166, Sand In My Boots,Morgan Wallen,13,13,13,1706440,153
2022,167, favorite crime,Olivia Rodrigo,5,5,5,1705596,162
2022,168, Neon Guts (feat. Pharrell Williams),Lil Uzi Vert,58,58,58,1705369,110
2022,169, Save Your Tears (with Ariana Grande) (Remix),The Weeknd,5,5,5,1704795,164
2022,170, Wishing Well,Juice WRLD,1,1,1,1703738,169
2022,171, Save Your Tears,The Weeknd,2,2,2,1703206,169
2022,172, Wasted On You,Morgan Wallen,3,3,3,1698973,169
2022,173, Yes Indeed,Lil Baby,2,2,2,1697749,171
2022,174, Wet Dreamz,J. Cole,124,124,124,1695805,50
2022,175, goosebumps,Travis Scott,8,8,8,1693305,167
2022,176, Love & War,Kodak Black,97,97,97,1689400,79
2022,177, Cigarette Daydreams,Cage The Elephant,114,114,114,1677214,63
2022,178, EARFQUAKE,"Tyler, The Creator",1,1,1,1675624,177
2022,179, Kilby Girl,The Backseat Lovers,168,168,168,1666622,11
2022,180, Heather,Conan Gray,9,9,9,1666174,171
2022,181, Day 'N' Nite (nightmare),Kid Cudi,149,149,149,1664214,32
2022,182, The Less I Know The Better,Tame Impala,117,117,117,1659277,65
2022,183, She Knows (feat. Amber Coffman & Cults),J. Cole,74,74,74,1659050,109
2022,184, Scared Money (feat. J. Cole and Moneybagg Yo),YG,92,92,92,1650871,92
2022,185, Tennessee Whiskey,Chris Stapleton,135,135,135,1650137,50
2022,186, The Hills,The Weeknd,27,27,27,1648654,159
2022,187, Do It To It,ACRAZE,37,37,37,1646519,150
2022,188, For Tonight,Giveon,119,119,119,1645435,69
2022,189, The Night We Met,Lord Huron,48,48,48,1639551,141
2022,190, 3 Nights,Dominic Fike,49,49,49,1635413,141
2022,191, My Kind of Woman,Mac DeMarco,172,172,172,1623749,19
2022,192, we fell in love in october,girl in red,93,93,93,1622031,99
2022,193, Everybody Talks,Neon Trees,124,124,124,1620268,69
2022,194, Classic,MKTO,102,102,102,1618821,92
2022,195, Jealous,Eyedress,164,164,164,1617873,31
2022,196, Hypnotize - 2014 Remaster,The Notorious B.I.G.,196,196,196,1617699,0
2022,197, Gospel (feat. Eminem),Dr. Dre,145,145,145,1617595,52
2022,198, Heartbreak Anniversary,Giveon,9,9,9,1614055,189
2022,199, Talking to the Moon,Bruno Mars,64,64,64,1612327,135
2022,200, Back in Blood (feat. Lil Durk),Pooh Shiesty,9,9,9,1610295,191
2023,1, Kill Bill,SZA,1,1,1,15346454,0
2023,2, Boy's a liar Pt. 2,PinkPantheress,2,2,2,14396369,0
2023,3, Flowers,Miley Cyrus,1,1,1,11877275,2
2023,4, Last Night,Morgan Wallen,3,3,3,10727952,1
2023,5, Just Wanna Rock,Lil Uzi Vert,5,5,5,7874027,0
2023,6, Creepin' (with The Weeknd & 21 Savage),Metro Boomin,1,1,1,7212869,5
2023,7, Superhero (Heroes & Villains) [with Future & Chris Brown],Metro Boomin,2,2,2,7094183,5
2023,8, Rich Flex,Drake,1,1,1,6658887,7
2023,9, Die For You,The Weeknd,8,8,8,6235136,1
2023,10, Love You Anyway,Luke Combs,10,10,10,6183104,0
2023,11, As It Was,Harry Styles,1,1,1,5707104,10
2023,12, Sure Thing,Miguel,10,10,10,5669935,2
2023,13, golden hour,JVKE,8,8,8,5595021,5
2023,14, Bad Habit,Steve Lacy,1,1,1,5565169,13
2023,15, Anti-Hero,Taylor Swift,1,1,1,5318603,14
2023,16, Unholy (feat. Kim Petras),Sam Smith,1,1,1,5220899,15
2023,17, Romantic Homicide,d4vd,3,3,3,5194264,14
2023,18, Snooze,SZA,17,17,17,5187628,1
2023,19, Something in the Orange,Zach Bryan,4,4,4,5107685,15
2023,20, Low,SZA,4,4,4,4690532,16
2023,21, Here With Me,d4vd,20,20,20,4626255,1
2023,22, Umbrella,Rihanna,22,22,22,4584400,0
2023,23, No Role Modelz,J. Cole,10,10,10,4557484,13
2023,24, Players,Coi Leray,24,24,24,4465323,0
2023,25, Escapism.,RAYE,20,20,20,4459247,5
2023,26," Shakira: Bzrp Music Sessions, Vol. 53",Bizarrap,5,5,5,4432646,21
2023,27, Bebe Dame,Fuerza Regida,18,18,18,4207309,9
2023,28, OMG,NewJeans,28,28,28,4137634,0
2023,29, LOVE AGAIN,The Kid LAROI,13,13,13,4116905,16
2023,30, Lost,Linkin Park,30,30,30,4036913,0
2023,31, Rock and A Hard Place,Bailey Zimmerman,26,26,26,3959139,5
2023,32, We Found Love,Rihanna,32,32,32,3925009,0
2023,33, You Proof,Morgan Wallen,11,11,11,3893572,22
2023,34, Love On The Brain,Rihanna,34,34,34,3870474,0
2023,35, Jimmy Cooks (feat. 21 Savage),Drake,2,2,2,3866194,33
2023,36, I'm Good (Blue),David Guetta,8,8,8,3700184,28
2023,37, Lavender Haze,Taylor Swift,2,2,2,3685721,35
2023,38, Wasted On You,Morgan Wallen,3,3,3,3679998,35
2023,39, The Color Violet,Tory Lanez,26,26,26,3679146,13
2023,40, Shirt,SZA,8,8,8,3673128,32
2023,41, Sweater Weather,The Neighbourhood,13,13,13,3653090,28
2023,42, Needed Me,Rihanna,42,42,42,3629117,0
2023,43, Tití Me Preguntó,Bad Bunny,3,3,3,3607269,40
2023,44, I Ain't Worried,OneRepublic,7,7,7,3603473,37
2023,45, Dark Red,Steve Lacy,16,16,16,3581661,29
2023,46, Dawns (feat. Maggie Rogers),Zach Bryan,17,17,17,3496729,29
2023,47, Bitch Better Have My Money,Rihanna,47,47,47,3475724,0
2023,48, AMG,Natanael Cano,48,48,48,3459809,0
2023,49, I Wrote The Book,Morgan Wallen,27,27,27,3426222,22
2023,50, Diamonds,Rihanna,50,50,50,3425478,0
2023,51, Heart To Heart,Mac DeMarco,30,30,30,3405245,21
2023,52, CUFF IT,Beyoncé,10,10,10,3388576,42
2023,53, Shut up My Moms Calling,Hotel Ugly,29,29,29,3331223,24
2023,54, SPIT IN MY FACE!,ThxSoMch,33,33,33,3313230,21
2023,55, Me Porto Bonito,Bad Bunny,2,2,2,3295741,53
2023,56, PRC,Peso Pluma,56,56,56,3288869,0
2023,57, Nobody Gets Me,SZA,3,3,3,3277610,54
2023,58, WAIT FOR U (feat. Drake & Tems),Future,3,3,3,3275751,55
2023,59, Only Girl (In The World),Rihanna,59,59,59,3270892,0
2023,60, Que Vuelvas,Carin Leon,28,28,28,3260949,32
2023,61, The Kind of Love We Make,Luke Combs,15,15,15,3242188,46
2023,62, family ties (with Kendrick Lamar),Baby Keem,8,8,8,3196781,54
2023,63, Calm Down (with Selena Gomez),Rema,47,47,47,3183358,16
2023,64, Stay,Rihanna,64,64,64,3181933,0
2023,65, Run This Town,JAY-Z,65,65,65,3160742,0
2023,66, In Ha Mood,Ice Spice,66,66,66,3159641,0
2023,67, Stargirl Interlude,The Weeknd,56,56,56,3152596,11
2023,68, Glock In My Lap,21 Savage,8,8,8,3085487,60
2023,69, I Like You (A Happier Song) (with Doja Cat),Post Malone,3,3,3,3056232,66
2023,70, Until I Found You (with Em Beihold) - Em Beihold Version,Stephen Sanchez,18,18,18,2998548,52
2023,71, Nonsense,Sabrina Carpenter,15,15,15,2996615,56
2023,72, Money Trees,Kendrick Lamar,52,52,52,2978945,20
2023,73, 505,Arctic Monkeys,18,18,18,2977112,55
2023,74, Freestyle,Lil Baby,55,55,55,2975524,19
2023,75, ceilings,Lizzy McAlpine,75,75,75,2973668,0
2023,76, Heartless,Kanye West,40,40,40,2966080,36
2023,77, Thought You Should Know,Morgan Wallen,18,18,18,2938785,59
2023,78, Ditto,NewJeans,34,34,34,2927841,44
2023,79, Boy's a Liar,PinkPantheress,48,48,48,2884905,31
2023,80, Lift Me Up - From Black Panther: Wakanda Forever - Music From and Inspired By,Rihanna,17,17,17,2860063,63
2023,81, Don't Stop The Music,Rihanna,81,81,81,2843353,0
2023,82, Everything I Love,Morgan Wallen,35,35,35,2780970,47
2023,83, Late Night Talking,Harry Styles,2,2,2,2778202,81
2023,84, Starboy,The Weeknd,3,3,3,2776869,81
2023,85, Wet Dreamz,J. Cole,69,69,69,2772356,16
2023,86, Good Days,SZA,1,1,1,2759227,85
2023,87, Out thë way,Yeat,47,47,47,2756301,40
2023,88, La Bachata,Manuel Turizo,48,48,48,2730118,40
2023,89, Where Have You Been,Rihanna,89,89,89,2721856,0
2023,90, Space Song,Beach House,47,47,47,2703328,43
2023,91, La Jumpa,Arcángel,43,43,43,2702876,48
2023,92, Blind,SZA,5,5,5,2694215,87
2023,93, Watch This - ARIZONATEARS Pluggnb Remix,Lil Uzi Vert,93,93,93,2691242,0
2023,94, One Thing At A Time,Morgan Wallen,31,31,31,2681379,63
2023,95, Ghost in the Machine (feat. Phoebe Bridgers),SZA,17,17,17,2673641,78
2023,96, Special (feat. SZA),Lizzo,96,96,96,2667104,0
2023,97, Heat Waves,Glass Animals,1,1,1,2658258,96
2023,98, Pink + White,Frank Ocean,76,76,76,2638789,22
2023,99, Everlong,Foo Fighters,60,60,60,2637894,39
2023,100, Made You Look,Meghan Trainor,27,27,27,2603313,73
2023,101, Too Many Nights (feat. Don Toliver & with Future),Metro Boomin,10,10,10,2600189,91
2023,102, About Damn Time,Lizzo,6,6,6,2597008,96
2023,103, I Wanna Be Yours,Arctic Monkeys,62,62,62,2590421,41
2023,104, S&M,Rihanna,104,104,104,2587896,0
2023,105, ALL MINE,Brent Faiyaz,22,22,22,2556261,83
2023,106, HOTEL LOBBY (Unc & Phew),Quavo,61,61,61,2550898,45
2023,107, Work,Rihanna,57,57,57,2546091,50
2023,108, Pour It Up,Rihanna,108,108,108,2542278,0
2023,109, Niagara Falls (Foot or 2) [with Travis Scott & 21 Savage],Metro Boomin,7,7,7,2539866,102
2023,110, Tennessee Whiskey,Chris Stapleton,98,98,98,2517150,12
2023,111, Efecto,Bad Bunny,10,10,10,2510316,101
2023,112," Hey, Mickey!",Baby Tate,39,39,39,2489839,73
2023,113, STAY (with Justin Bieber),The Kid LAROI,1,1,1,2477399,112
2023,114, Lovers Rock,TV Girl,101,101,101,2463137,13
2023,115, All Girls Are The Same,Juice WRLD,13,13,13,2420871,102
2023,116, See You Again (feat. Kali Uchis),"Tyler, The Creator",28,28,28,2419770,88
2023,117, Revenge,XXXTENTACION,25,25,25,2403881,92
2023,118, Drip Too Hard (Lil Baby & Gunna),Lil Baby,1,1,1,2393793,117
2023,119, No Se Va - EN VIVO,Grupo Frontera,49,49,49,2387408,70
2023,120, Apocalypse,Cigarettes After Sex,49,49,49,2376269,71
2023,121, The Hills,The Weeknd,27,27,27,2374875,94
2023,122, Bound 2,Kanye West,20,20,20,2353455,102
2023,123, Yandel 150,Yandel,120,120,120,2349635,3
2023,124, Disturbia,Rihanna,83,83,83,2345106,41
2023,125, Rude Boy,Rihanna,125,125,125,2337320,0
2023,126, Glimpse of Us,Joji,1,1,1,2329370,125
2023,127, Gato de Noche,Ñengo Flow,38,38,38,2317735,89
2023,128, Flashing Lights,Kanye West,53,53,53,2315205,75
2023,129, Whiskey Glasses,Morgan Wallen,43,43,43,2313834,86
2023,130, Pure Cocaine,Lil Baby,52,52,52,2290899,78
2023,131, Yes Indeed,Lil Baby,2,2,2,2283349,129
2023,132, SLUT ME OUT,NLE Choppa,132,132,132,2275494,0
2023,133, Bones,Imagine Dragons,52,52,52,2273713,81
2023,134, Don't,Bryson Tiller,82,82,82,2272295,52
2023,135, Vegas (From the Original Motion Picture Soundtrack ELVIS),Doja Cat,7,7,7,2267525,128
2023,136, Under The Influence,Chris Brown,22,22,22,2266103,114
2023,137, I Wish you Roses,Kali Uchis,37,37,37,2250809,100
2023,138, The Spins,Mac Miller,61,61,61,2250746,77
2023,139, I Was Never There,The Weeknd,8,8,8,2247652,131
2023,140, When I Was Your Man,Bruno Mars,111,111,111,2231150,29
2023,141, LOVE. FEAT. ZACARI.,Kendrick Lamar,5,5,5,2230489,136
2023,142, Chasin' You,Morgan Wallen,55,55,55,2214557,87
2023,143, Heading South,Zach Bryan,70,70,70,2207539,73
2023,144, Me and Your Mama,Childish Gambino,49,49,49,2203621,95
2023,145, Fact (feat. Lil Uzi Vert),Ghostluvme,145,145,145,2201378,0
2023,146, X SI VOLVEMOS,KAROL G,54,54,54,2199577,92
2023,147, Blinding Lights,The Weeknd,1,1,1,2186800,146
2023,148, Fin de Semana,Oscar Maydon,85,85,85,2176064,63
2023,149, Until I Found You,Stephen Sanchez,30,30,30,2172517,119
2023,150, Star Shopping,Lil Peep,100,100,100,2169464,50
2023,151, Sunflower - Spider-Man: Into the Spider-Verse,Post Malone,1,1,1,2167821,150
2023,152, HUMBLE.,Kendrick Lamar,1,1,1,2159492,151
2023,153, 10:35,Tiësto,105,105,105,2158952,48
2023,154, Glue Song,beabadoobee,154,154,154,2145273,0
2023,155, Midnight Rain,Taylor Swift,3,3,3,2137627,152
2023,156, Spin Bout U,Drake,6,6,6,2134958,150
2023,157, Knife Talk (with 21 Savage ft. Project Pat),Drake,2,2,2,2134605,155
2023,158, 20 Min,Lil Uzi Vert,48,48,48,2126709,110
2023,159, All The Stars (with SZA),Kendrick Lamar,2,2,2,2125883,157
2023,160, Pussy & Millions (feat. Travis Scott),Drake,3,3,3,2122690,157
2023,161, Mr. Brightside,The Killers,60,60,60,2121503,101
2023,162, Running Out Of Time,Paramore,162,162,162,2114635,0
2023,163, Break from Toronto,PARTYNEXTDOOR,110,110,110,2111829,53
2023,164, Ric Flair Drip (with Metro Boomin),Offset,4,4,4,2107291,160
2023,165, Ni**as In Paris,JAY-Z,107,107,107,2098498,58
2023,166, PUFFIN ON ZOOTIEZ,Future,4,4,4,2091186,162
2023,167, Lucid Dreams,Juice WRLD,1,1,1,2083399,166
2023,168, I Love You So,The Walters,9,9,9,2078988,159
2023,169, Clouded,Brent Faiyaz,65,65,65,2077946,104
2023,170, What My World Spins Around,Jordan Davis,125,125,125,2069154,45
2023,171, Sun to Me,Zach Bryan,106,106,106,2063561,65
2023,172, Growin' Up and Gettin' Old,Luke Combs,86,86,86,2058231,86
2023,173, PRIDE.,Kendrick Lamar,10,10,10,2057870,163
2023,174, Wants and Needs (feat. Lil Baby),Drake,2,2,2,2057542,172
2023,175, Solo,Future,123,123,123,2056752,52
2023,176, Girl With The Tattoo Enter.lewd,Miguel,101,101,101,2051689,75
2023,177, Another Love,Tom Odell,89,89,89,2049660,88
2023,178, Love Sosa,Chief Keef,44,44,44,2048771,134
2023,179, Thank God,Kane Brown,55,55,55,2048376,124
2023,180, ORANGE SODA,Baby Keem,54,54,54,2045169,126
2023,181," Sex, Drugs, Etc.",Beach Weather,61,61,61,2044526,120
2023,182, Everybody Wants To Rule The World,Tears For Fears,49,49,49,2033255,133
2023,183, Pain,PinkPantheress,48,48,48,2029781,135
2023,184, Redbone,Childish Gambino,9,9,9,2022690,175
2023,185, MIDDLE CHILD,J. Cole,1,1,1,2020888,184
2023,186, Love The Way You Lie,Eminem,186,186,186,2013590,0
2023,187, It Was A Good Day,Ice Cube,100,100,100,2012247,87
2023,188, Heart Like A Truck,Lainey Wilson,148,148,148,2011049,40
2023,189, Limbo,Freddie Dredd,94,94,94,2004184,95
2023,190, Heartless,The Weeknd,1,1,1,1995889,189
2023,191, Father Stretch My Hands Pt. 1,Kanye West,97,97,97,1993876,94
2023,192, For the First Time,Mac DeMarco,154,154,154,1990859,38
2023,193, Chamber Of Reflection,Mac DeMarco,125,125,125,1984066,68
2023,194, Mockingbird,Eminem,109,109,109,1981483,85
2023,195, Ojitos Lindos,Bad Bunny,11,11,11,1981392,184
2023,196, HONEST,Baby Keem,39,39,39,1976026,157
2023,197, TV,Billie Eilish,18,18,18,1975509,179
2023,198, Pon de Replay,Rihanna,198,198,198,1969064,0
2023,199, Runnin,21 Savage,3,3,3,1958386,196
2023,200, Stick Season,Noah Kahan,43,43,43,1949123,157
2024,1, CARNIVAL,¥$,1,1,1,13625689,0
2024,2, Stick Season,Noah Kahan,2,2,2,11205319,0
2024,3, Beautiful Things,Benson Boone,1,1,1,11134129,2
2024,4, redrum,21 Savage,1,1,1,8996735,3
2024,5, I Remember Everything (feat. Kacey Musgraves),Zach Bryan,1,1,1,8837536,4
2024,6, TEXAS HOLD 'EM,Beyoncé,6,6,6,8680551,0
2024,7, Lovin On Me,Jack Harlow,1,1,1,8421058,6
2024,8, Never Lose Me,Flo Milli,6,6,6,7823533,2
2024,9, La Diabla,Xavi,6,6,6,7524405,3
2024,10, FUK SUMN,¥$,10,10,10,7489217,0
2024,11, My Love Mine All Mine,Mitski,3,3,3,7297239,8
2024,12, BURN,¥$,12,12,12,7219214,0
2024,13, Forever,Noah Kahan,13,13,13,7218470,0
2024,14, Cruel Summer,Taylor Swift,2,2,2,7202178,12
2024,15, TALKING,¥$,15,15,15,7152035,0
2024,16, BACK TO ME,¥$,16,16,16,7092237,0
2024,17, greedy,Tate McRae,4,4,4,6463415,13
2024,18, Snooze,SZA,10,10,10,6368167,8
2024,19, Lose Control,Teddy Swims,12,12,12,6286391,7
2024,20, STARS,¥$,20,20,20,6229028,0
2024,21, ONE CALL,Rich Amiri,14,14,14,6203562,7
2024,22, 500lbs,Lil Tecca,12,12,12,6013919,10
2024,23, Something in the Orange,Zach Bryan,4,4,4,5847504,19
2024,24, Yeah! (feat. Lil Jon & Ludacris),USHER,24,24,24,5654162,0
2024,25, La Víctima,Xavi,16,16,16,5355498,9
2024,26, Last Night,Morgan Wallen,1,1,1,5345678,25
2024,27, DO IT,¥$,27,27,27,5324222,0
2024,28, PAID,¥$,28,28,28,5279563,0
2024,29, Rich Baby Daddy (feat. Sexyy Red & SZA),Drake,11,11,11,5192885,18
2024,30, FE!N (feat. Playboi Carti),Travis Scott,2,2,2,5072466,28
2024,31, Father Stretch My Hands Pt. 1,Kanye West,31,31,31,5040625,0
2024,32, I KNOW ?,Travis Scott,3,3,3,5006308,29
2024,33, Surround Sound (feat. 21 Savage & Baby Tate),JID,11,11,11,5001876,22
2024,34, KEYS TO MY LIFE,¥$,34,34,34,4927468,0
2024,35, vampire,Olivia Rodrigo,1,1,1,4833658,34
2024,36, VULTURES,¥$,36,36,36,4813145,0
2024,37," One Of The Girls (with JENNIE, Lily Rose Depp)",The Weeknd,18,18,18,4672341,19
2024,38, IDGAF (feat. Yeat),Drake,1,1,1,4602015,37
2024,39, Igual Que Un Ángel (with Peso Pluma),Kali Uchis,10,10,10,4586063,29
2024,40, act ii: date @ 8,4batz,27,27,27,4529512,13
2024,41, Fast Car,Luke Combs,4,4,4,4525309,37
2024,42, Agora Hills,Doja Cat,6,6,6,4494900,36
2024,43, Feather,Sabrina Carpenter,20,20,20,4482876,23
2024,44, PAPERWORK,¥$,44,44,44,4472608,0
2024,45, Heartless,Kanye West,40,40,40,4361521,5
2024,46, Thinkin’ Bout Me,Morgan Wallen,9,9,9,4355215,37
2024,47, BEG FORGIVENESS,¥$,47,47,47,4325204,0
2024,48, Bandit,Don Toliver,15,15,15,4319829,33
2024,49, No Role Modelz,J. Cole,10,10,10,4316718,39
2024,50, HISS,Megan Thee Stallion,3,3,3,4308367,47
2024,51, Popular (with Playboi Carti & Madonna),The Weeknd,16,16,16,4282209,35
2024,52, Praise Jah In The Moonlight,YG Marley,41,41,41,4251408,11
2024,53," What Was I Made For? [From The Motion Picture ""Barbie""]",Billie Eilish,6,6,6,4245890,47
2024,54, Kill Bill,SZA,1,1,1,4241631,53
2024,55, Home,Good Neighbours,38,38,38,4219830,17
2024,56, First Person Shooter (feat. J. Cole),Drake,2,2,2,4215207,54
2024,57, Paint The Town Red,Doja Cat,1,1,1,4191624,56
2024,58, Pink + White,Frank Ocean,30,30,30,4188905,28
2024,59, HOODRAT,¥$,59,59,59,4174357,0
2024,60, Think U The Shit (Fart),Ice Spice,21,21,21,4166399,39
2024,61," yes, and?",Ariana Grande,1,1,1,4165263,60
2024,62, fukumean,Gunna,1,1,1,4151133,61
2024,63, Lovers Rock,TV Girl,38,38,38,4035683,25
2024,64, See You Again (feat. Kali Uchis),"Tyler, The Creator",5,5,5,4029827,59
2024,65, Flowers,Miley Cyrus,1,1,1,4003457,64
2024,66, Heading South,Zach Bryan,36,36,36,3937976,30
2024,67, My Boo,USHER,67,67,67,3924116,0
2024,68, exes,Tate McRae,16,16,16,3904834,52
2024,69, PROBLEMATIC,¥$,69,69,69,3841374,0
2024,70, Is It Over Now? (Taylor's Version) (From The Vault),Taylor Swift,1,1,1,3795406,69
2024,71, Que Onda,Calle 24,40,40,40,3784320,31
2024,72, You Proof,Morgan Wallen,8,8,8,3732531,64
2024,73, Shut up My Moms Calling,Hotel Ugly,29,29,29,3714536,44
2024,74, Wasted On You,Morgan Wallen,3,3,3,3690844,71
2024,75, Lover,Taylor Swift,1,1,1,3594333,74
2024,76, Flashing Lights,Kanye West,53,53,53,3594133,23
2024,77, Should've Been A Cowboy,Toby Keith,77,77,77,3546501,0
2024,78, 16 CARRIAGES,Beyoncé,78,78,78,3536332,0
2024,79, Anti-Hero,Taylor Swift,1,1,1,3522995,78
2024,80, née-nah,21 Savage,5,5,5,3495828,75
2024,81, HARLEY QUINN,Fuerza Regida,20,20,20,3493987,61
2024,82, Scared To Start,Michael Marcagi,63,63,63,3444584,19
2024,83, Not Allowed,TV Girl,39,39,39,3436790,44
2024,84, Evergreen,Richy Mitch & The Coal Miners,63,63,63,3407149,21
2024,85, DJ Got Us Fallin' In Love (feat. Pitbull),USHER,85,85,85,3401011,0
2024,86, Romantic Homicide,d4vd,3,3,3,3384094,83
2024,87, FTCU,Nicki Minaj,7,7,7,3369495,80
2024,88, Stargirl Interlude,The Weeknd,56,56,56,3365094,32
2024,89, Mmhmm,BigXthaPlug,62,62,62,3327393,27
2024,90, Sweater Weather,The Neighbourhood,13,13,13,3325469,77
2024,91, Poison - Hazbin Hotel Original Soundtrack,Blake Roman,78,78,78,3323558,13
2024,92, Dial Drunk (with Post Malone),Noah Kahan,13,13,13,3319888,79
2024,93, Murder On The Dancefloor,Sophie Ellis-Bextor,28,28,28,3319130,65
2024,94," Loser, Baby",Andrew Underberg,71,71,71,3316305,23
2024,95, Runaway,Kanye West,63,63,63,3298826,32
2024,96, Water,Tyla,23,23,23,3296666,73
2024,97, Hey Driver (feat. The War and Treaty),Zach Bryan,3,3,3,3268939,94
2024,98, Spin You Around (1/24),Morgan Wallen,29,29,29,3255952,69
2024,99, Die For You,The Weeknd,8,8,8,3255184,91
2024,100, MY EYES,Travis Scott,8,8,8,3197162,92
2024,101, PERRO NEGRO,Bad Bunny,10,10,10,3180531,91
2024,102, Strangers,Kenya Grace,17,17,17,3180059,85
2024,103, Superhero (Heroes & Villains) [with Future & Chris Brown],Metro Boomin,2,2,2,3177149,101
2024,104, The Color Violet,Tory Lanez,26,26,26,3160782,78
2024,105, Riptide,Vance Joy,67,67,67,3154263,38
2024,106, BELLAKEO,Peso Pluma,35,35,35,3143231,71
2024,107, Daylight,David Kushner,11,11,11,3129174,96
2024,108, I Wanna Be Yours,Arctic Monkeys,62,62,62,3101166,46
2024,109, Deeper Well,Kacey Musgraves,109,109,109,3096470,0
2024,110, QLONA,KAROL G,16,16,16,3092823,94
2024,111, Love Me,Lil Wayne,79,79,79,3090472,32
2024,112, You Should Probably Leave,Chris Stapleton,96,96,96,3087053,16
2024,113, KING,¥$,113,113,113,3082274,0
2024,114, Jimmy Cooks (feat. 21 Savage),Drake,2,2,2,3066274,112
2024,115, Dance The Night - From Barbie The Album,Dua Lipa,9,9,9,3061842,106
2024,116, Dark Red,Steve Lacy,16,16,16,3051579,100
2024,117, Sunflower - Spider-Man: Into the Spider-Verse,Post Malone,1,1,1,3050163,116
2024,118, Unwritten,Natasha Bedingfield,85,85,85,3029973,33
2024,119, Break from Toronto,PARTYNEXTDOOR,67,67,67,3021738,52
2024,120, All My Love,Noah Kahan,120,120,120,3007063,0
2024,121, Don’t Blame Me,Taylor Swift,49,49,49,2993879,72
2024,122, cardigan,Taylor Swift,1,1,1,2989964,121
2024,123, Sure Thing,Miguel,10,10,10,2977621,113
2024,124, Just the Way You Are,Bruno Mars,108,108,108,2971950,16
2024,125, All The Stars (with SZA),Kendrick Lamar,2,2,2,2968091,123
2024,126, Wild Ones (feat. Jelly Roll),Jessie Murph,79,79,79,2960798,47
2024,127, Thinkin Bout You,Frank Ocean,89,89,89,2946791,38
2024,128, Wondering Why,The Red Clay Strays,83,83,83,2943206,45
2024,129, Good Days,SZA,1,1,1,2929131,128
2024,130, Starboy,The Weeknd,3,3,3,2909395,127
2024,131, Hey Daddy (Daddy's Home),USHER,131,131,131,2905660,0
2024,132, One Dance,Drake,13,13,13,2902662,119
2024,133, Dreams - 2004 Remaster,Fleetwood Mac,6,6,6,2887019,127
2024,134, Karma,Taylor Swift,5,5,5,2883977,129
2024,135, Nonsense,Sabrina Carpenter,15,15,15,2857036,120
2024,136, Oklahoma Smokeshow,Zach Bryan,73,73,73,2856355,63
2024,137, Dial Drunk,Noah Kahan,3,3,3,2853383,134
2024,138, Tennessee Whiskey,Chris Stapleton,92,92,92,2839207,46
2024,139, Hell’s Greatest Dad,Andrew Underberg,114,114,114,2823538,25
2024,140, Linger,The Cranberries,133,133,133,2809352,7
2024,141, Love in This Club (feat. Young Jeezy),USHER,141,141,141,2807377,0
2024,142, Stayed Gone,Andrew Underberg,129,129,129,2803392,13
2024,143, Made For Me,Muni Long,143,143,143,2786667,0
2024,144, Coal,Dylan Gossett,144,144,144,2784170,0
2024,145, Northern Attitude,Noah Kahan,145,145,145,2781293,0
2024,146, Mr. Brightside,The Killers,50,50,50,2778650,96
2024,147, Apocalypse,Cigarettes After Sex,49,49,49,2776231,98
2024,148, Money Trees,Kendrick Lamar,41,41,41,2775395,107
2024,149, Love,Keyshia Cole,149,149,149,2766878,0
2024,150, Houdini,Dua Lipa,18,18,18,2760522,132
2024,151, When I Was Your Man,Bruno Mars,101,101,101,2748108,50
2024,152, LOVE. FEAT. ZACARI.,Kendrick Lamar,5,5,5,2741666,147
2024,153, Poco A Poco,Xavi,115,115,115,2741444,38
2024,154, On My Mama,Victoria Monét,154,154,154,2726593,0
2024,155, Let's Go,Key Glock,155,155,155,2725178,0
2024,156, From The Start,Laufey,45,45,45,2722761,111
2024,157, Too Many Nights (feat. Don Toliver & with Future),Metro Boomin,10,10,10,2722164,147
2024,158, Ella Baila Sola,Eslabon Armado,1,1,1,2717711,157
2024,159, The Night We Met,Lord Huron,48,48,48,2717185,111
2024,160, Cigarettes out the Window,TV Girl,94,94,94,2697221,66
2024,161, Fast Car,Tracy Chapman,123,123,123,2693100,38
2024,162, LADY GAGA,Peso Pluma,7,7,7,2688137,155
2024,163, I Wonder,Kanye West,57,57,57,2680383,106
2024,164, Trance (feat. Travis Scott & Young Thug),Metro Boomin,20,20,20,2650074,144
2024,165, Dawns (feat. Maggie Rogers),Zach Bryan,17,17,17,2643016,148
2024,166, HUMBLE.,Kendrick Lamar,1,1,1,2638132,165
2024,167, Cowgirls (feat. ERNEST),Morgan Wallen,32,32,32,2635950,135
2024,168, Clouded,Brent Faiyaz,39,39,39,2635431,129
2024,169, Make You Mine,Madison Beer,169,169,169,2629841,0
2024,170, The Hills,The Weeknd,27,27,27,2628451,143
2024,171, Let The Light In (feat. Father John Misty),Lana Del Rey,171,171,171,2617638,0
2024,172, Everlong,Foo Fighters,60,60,60,2614999,112
2024,173, Moonlight,Kali Uchis,27,27,27,2610983,146
2024,174, I Love You So,The Walters,9,9,9,2604178,165
2024,175, Best Time,Brent Faiyaz,163,163,163,2603381,12
2024,176, Have You Ever Seen The Rain,Creedence Clearwater Revival,140,140,140,2581524,36
2024,177," Burn, Burn, Burn",Zach Bryan,68,68,68,2575857,109
2024,178, Work Song,Hozier,174,174,174,2572066,4
2024,179, Pretty Little Poison,Warren Zeiders,116,116,116,2569939,63
2024,180, All Falls Down,Kanye West,109,109,109,2567963,71
2024,181, Everybody Wants To Rule The World,Tears For Fears,49,49,49,2557641,132
2024,182, Pain,PinkPantheress,48,48,48,2554360,134
2024,183, You’re Gonna Go Far,Noah Kahan,64,64,64,2538910,119
2024,184, all of me,21 Savage,13,13,13,2538169,171
2024,185, Work Out,J. Cole,101,101,101,2513954,84
2024,186, The Middle,Jimmy Eat World,186,186,186,2504773,0
2024,187, Novacane,Frank Ocean,90,90,90,2504481,97
2024,188, Homesick,Noah Kahan,188,188,188,2502452,0
2024,189, Yes Indeed,Lil Baby,2,2,2,2502177,187
2024,190, Fortunate Son,Creedence Clearwater Revival,107,107,107,2496283,83
2024,191, LUNA,Feid,157,157,157,2487312,34
2024,192, 505,Arctic Monkeys,18,18,18,2486967,174
2024,193, Tourniquet,Zach Bryan,10,10,10,2484954,183
2024,194, Gold Digger,Kanye West,194,194,194,2479997,0
2024,195, Yellow,Coldplay,179,179,179,2479483,16
2024,196, Beautiful Crazy,Luke Combs,61,61,61,2476593,135
2024,197, Nightcrawler (feat. Swae Lee & Chief Keef),Travis Scott,197,197,197,2473098,0
2024,198, Wet Dreamz,J. Cole,69,69,69,2471236,129
2024,199, Everybody (feat. Lil Uzi Vert),Nicki Minaj,27,27,27,2467374,172
2024,200, Can’t Catch Me Now - from The Hunger Games: The Ballad of Songbirds & Snakes,Olivia Rodrigo,21,21,21,2459806,179
